,index,Dist_Name,Mandal_Nam,2016,2017,2018
0,0,Rangareddy,Abdullapurmet,851586,804039,903740
1,1,Nagarkurnool,Achampet,1979585,2083122,1842948
2,2,Nalgonda,Adavidevulapally,814151,862999,848686
3,3,Yadadri Bhuvanagiri,Addagudur,1269522,1301816,1329899
4,4,Mahabubnagar,Addakal,1086283,1134266,1029756
5,5,Adilabad,Adilabad Rural,1260302,1453807,1380970
6,6,Adilabad,Adilabad Urban,74885,80877,75213
7,7,Jogulamba Gadwal,Aiza,2641432,2646768,2617547
8,8,Siddipet,Akkannapet,1507516,1533805,1543687
9,9,Yadadri Bhuvanagiri,Alair,1430056,1515584,1453030
10,10,Jogulamba Gadwal,Alampur,1690817,1763433,1707488
11,11,Medak,Alladurg,610268,694315,654008
12,12,Bhadradri Kothagudem,Allapalli,1054638,1291545,1095890
13,13,Medchal_Malkajgiri,Alwal,17038,16089,18321
14,14,Rangareddy,Amangal,1031872,1087039,1040936
15,15,Wanaparthy,Amarchintha,928223,933960,948605
16,16,Hyderabad,Amberpet,1210,52,219
17,17,Hyderabad,Ammerpet,63,63,678
18,18,Nagarkurnool,Amrabad,685772,776570,659089
19,19,Suryapet,Ananthagiri,1087767,1109934,1105716
20,20,Sangareddy,Andole,1646371,1752269,1777641
21,21,Bhadradri Kothagudem,Annapureddipalle,873045,980094,978862
22,22,Nalgonda,Anumula_Haliya,1772724,1812552,1814604
23,23,Nizamabad,Armoor,1787822,1819504,1829643
24,24,Kumurambheem Asifabad,Asifabad,1493623,1607886,1866617
25,25,Hyderabad,Asifnagar,243,134,57
26,26,Bhadradri Kothagudem,Aswapuram,1161024,1269115,1333489
27,27,Bhadradri Kothagudem,Aswaraopeta,2283558,2503907,2609673
28,28,Yadadri Bhuvanagiri,Athmakur (M),1645031,1672713,1663486
29,29,Wanaparthy,Atmakur,1217938,1232088,1220891
30,30,Warangal_Rural,Atmakur,901069,920795,913028
31,31,Suryapet,Atmakur_S,1970308,1990652,1987868
32,32,Yadadri Bhuvanagiri,B.Pochampally,1431469,1406617,1457251
33,33,Jangoan,Bachannapet,1865801,1963561,1954090
34,34,Medchal_Malkajgiri,Bachupally,4814,6286,5062
35,35,Hyderabad,Bahadurpura,974,699,808
36,36,Mahabubnagar,Balanagar,1603447,1627786,1593829
37,37,Medchal_Malkajgiri,Balanagar,4251,5137,6882
38,38,Rangareddy,Balapur,326901,262718,250496
39,39,Nizamabad,Balkonda,553361,567243,579660
40,40,Nagarkurnool,Balmoor,1834532,1875656,1617727
41,41,Hyderabad,Bandlaguda,2130,1637,1606
42,42,Kamareddy,Banswada,960701,985617,973831
43,43,Vikarabad,Bantwaram,560949,540186,515665
44,44,Nirmal,Basar,1050363,1058573,1033256
45,45,Vikarabad,Basheerabad,1720867,1737575,1708398
46,46,Mahabubabad,Bayyaram,1505854,1649043,1692474
47,47,Adilabad,Bazarhathnoor,868420,988335,1046424
48,48,Jagtial,Beerpur,714257,735007,704242
49,49,Siddipet,Bejjanki,1347119,1379725,1404515
50,50,Kumurambheem Asifabad,Bejjur,1343389,1288209,1357187
51,51,Adilabad,Bela,1619968,1683801,1861641
52,52,Mancherial,Bellampalle,820648,876674,885507
53,53,Bhadradri Kothagudem,Bhadrachalam,31309,30987,29852
54,54,Nirmal,Bhainsa,2177329,2189611,2239021
55,55,Warangal_Urban,Bheemadevarapalli,1134151,1169025,1198864
56,56,Mancherial,Bheemaram,622068,634281,657481
57,57,Nizamabad,Bheemgal,1515431,1485982,1530484
58,58,Mancherial,Bheemini,841312,926361,1196534
59,59,Adilabad,Bheempoor,764437,929694,939283
60,60,Kamareddy,Bhiknoor,1198840,1191550,1168422
61,61,Yadadri Bhuvanagiri,Bhongiri,1794838,1901402,2032352
62,62,Mahabubnagar,Bhoothpur,1462754,1520211,1429516
63,63,Jayashankar Bhupalpally,Bhupalpally,1812351,1839659,1893242
64,64,Yadadri Bhuvanagiri,Bibinagar,927650,987160,1105934
65,65,Kamareddy,Bibipet,666632,679704,702715
66,66,Nagarkurnool,Bijinapalle,2250438,2259424,2206726
67,67,Adilabad,Boath,1352882,1383026,1491175
68,68,Nizamabad,Bodhan,2549362,2581196,2588674
69,69,Rajanna Sircilla,Boinpalli,1281061,1195414,1212301
70,70,Yadadri Bhuvanagiri,Bommalaramaram,1015477,1056569,1102694
71,71,Vikarabad,Bommaraspeta,1613570,1660974,1590656
72,72,Khammam,Bonakal,1552094,1557703,1494124
73,73,Jagtial,Buggaram,581051,644082,618196
74,74,Bhadradri Kothagudem,Burgampadu,1110662,1323721,1368468
75,75,Nalgonda,Chandampet,976308,999136,804327
76,76,Bhadradri Kothagudem,Chandrugonda,977107,1065241,1055904
77,77,Nalgonda,Chandur,1724531,1795178,1841959
78,78,Nagarkurnool,Charakonda,1017231,1009941,951512
79,79,Hyderabad,Charminar,0,0,0
80,80,Rajanna Sircilla,Chendurthi,990428,1024543,1032657
81,81,Warangal_Rural,Chennaraopet,963456,972642,973766
82,82,Mancherial,Chennur,1868959,1920863,1920782
83,83,Siddipet,Cherial,1990203,2035203,2034315
84,84,Bhadradri Kothagudem,Cherla,1127518,1095620,1114386
85,85,Rangareddy,Chevella,2628633,2654300,2445990
86,86,Karimnagar,Chigurumamidi,1432390,1439276,1437683
87,87,Suryapet,Chilkur,992660,998593,1009019
88,88,Jangoan,Chilpur,1345537,1384847,1392601
89,89,Mahabubnagar,Chinna Chinta Kunta,1526592,1568534,1431263
90,90,Mahabubabad,Chinnagudur,587945,586581,591789
91,91,Siddipet,Chinnakodur,1607051,1532822,1560692
92,92,Wanaparthy,Chinnambavi,1623014,1727230,1646378
93,93,Khammam,Chintakani,1791414,1791914,1794294
94,94,Kumurambheem Asifabad,Chintalamanepally,1564972,1275505,1571438
95,95,Suryapet,Chinthala palem,1136688,1273620,1211449
96,96,Nalgonda,Chinthapally,2173361,2169582,2159356
97,97,Jayashankar Bhupalpally,Chityal,1410976,1452538,1447171
98,98,Nalgonda,Chityal,1980449,2107089,2104691
99,99,Suryapet,Chivvemla,1357401,1360741,1349511
100,100,Karimnagar,Choppadandi,1355172,1344059,1341440
101,101,Yadadri Bhuvanagiri,Choutuppal,1559677,1618981,1726038
102,102,Rangareddy,Chowdergudem,1028467,1075868,1025290
103,103,Bhadradri Kothagudem,Chunchupally,194226,207334,199491
104,104,Kumurambheem Asifabad,Dahegaon,1386712,1624598,1805154
105,105,Nalgonda,Damaracherla,1432887,1477465,1435335
106,106,Narayanpet,Damargidda,1356258,1581668,1484780
107,107,Warangal_Rural,Damera,769711,773771,763331
108,108,Bhadradri Kothagudem,Dammapeta,2360203,2444169,2431263
109,109,Mancherial,Dandepalle,1434262,1441975,1427851
110,110,Mahabubabad,Danthalapalle,1052559,1067067,1064058
111,111,Nirmal,Dasturabad,550135,563673,525009
112,112,Nalgonda,Devarakonda,1754467,1831580,1715852
113,113,Mahabubnagar,Devarkadra,1712434,1781000,1705336
114,114,Jangoan,Devaruppula,1697412,1757810,1759678
115,115,Narayanpet,Dhanwada,795889,859550,825234
116,116,Jagtial,Dharmapuri,1208055,1263209,1218138
117,117,Peddapalli,Dharmaram,1296612,1370213,1322840
118,118,Warangal_Urban,Dharmasagar,1379716,1401853,1412950
119,119,Jogulamba Gadwal,Dharoor,1762977,1797482,1862470
120,120,Vikarabad,Dharoor,1482212,1565996,1515935
121,121,Nizamabad,Dharpally,953265,922177,935540
122,122,Nizamabad,Dichpally,1241682,1222250,1235266
123,123,Nirmal,Dilawarpur,978200,1031568,1027326
124,124,Vikarabad,Doma,1292548,1387816,1329924
125,125,Mahabubabad,Dornakal,1440702,1443864,1449131
126,126,Vikarabad,Doulthabad,1860530,1949306,1928040
127,127,Siddipet,Dubbak,1909932,1908331,1904003
128,128,Warangal_Rural,Duggondi,1135356,1151747,1148746
129,129,Bhadradri Kothagudem,Dummugudem,1725552,1664167,1937438
130,130,Medchal_Malkajgiri,Dundigal Gandimaisamma,317035,311705,268461
131,131,Peddapalli,Eligaid,733559,740599,734350
132,132,Warangal_Urban,Elkathurthi,1200492,1218338,1223869
133,133,Karimnagar,Ellandakunta,944464,949128,945851
134,134,Khammam,Enkoor,1369677,1463398,1331560
135,135,Mulugu,Eturnagaram,935024,912600,916612
136,136,Rangareddy,Farooqnagar,2480631,2498254,2463694
137,137,Adilabad,Gadiguda,270293,212445,334679
138,138,Jogulamba Gadwal,Gadwal,2304111,2315879,2298662
139,139,Siddipet,Gajwel,1866139,1882125,1861079
140,140,Rajanna Sircilla,Gambhiraopet,959719,926515,946025
141,141,Mahabubnagar,Gandeed,1527392,1570928,1473098
142,142,Kamareddy,Gandhari,2001309,1924222,1752244
143,143,Rangareddy,Gandipet,157185,151215,174247
144,144,Karimnagar,Gangadhara,1434224,1431907,1449955
145,145,Mahabubabad,Gangaram,561681,685541,710906
146,146,Karimnagar,Ganneruvaram,933567,980988,977825
147,147,Suryapet,Garidepalli,1765875,1778756,1793275
148,148,Mahabubabad,Garla,1083173,1103758,1090674
149,149,Warangal_Rural,Geesugonda,1275339,1277212,1274680
150,150,Jayashankar Bhupalpally,Ghanapur_Mulug,1076477,1082060,1056284
151,151,Wanaparthy,Ghanpur,1111501,1134055,1054559
152,152,Jangoan,Ghanpur (Stn),1446842,1488422,1476701
153,153,Medchal_Malkajgiri,Ghatkesar,485875,528268,585111
154,154,Jogulamba Gadwal,Ghattu,2240045,2259870,2105183
155,155,Hyderabad,Golkonda,1667,959,2313
156,156,Jagtial,Gollapalli,1273726,1294340,1291949
157,157,Wanaparthy,Gopalpet,963051,1037466,1002618
158,158,Mulugu,Govindaraopet,960397,970565,991280
159,159,Adilabad,Gudihathnur,746659,788196,748490
160,160,Mahabubabad,Gudur,1789912,1847422,1849558
161,161,Sangareddy,Gummadidala,519449,520058,479951
162,162,Bhadradri Kothagudem,Gundala,1151742,1224410,1133588
163,163,Yadadri Bhuvanagiri,Gundala,1641590,1673244,1646477
164,164,Nalgonda,Gundlapally,1701512,1684485,1702799
165,165,Nalgonda,Gurrampode,2804642,2953451,2920209
166,166,Mancherial,Hajipur,762444,798994,826804
167,167,Warangal_Urban,Hanamkonda,144990,143043,140032
168,168,Mahabubnagar,Hanwada,1118583,1117373,1043438
169,169,Warangal_Urban,Hasanparthy,1393835,1411418,1397040
170,170,Sangareddy,Hathnoora,1834789,1867663,1859543
171,171,Medak,Havelighanpur,942554,949796,954634
172,172,Rangareddy,Hayathnagar,8144,4050,3123
173,173,Hyderabad,Himayatnagar,0,0,0
174,174,Siddipet,Husnabad,883490,909181,896486
175,175,Suryapet,Huzur nagar,1231474,1230177,1219002
176,176,Karimnagar,Huzurabad,1251614,1242924,1245984
177,177,Jagtial,Ibrahimpatnam,1209887,1226691,1208713
178,178,Rangareddy,Ibrahimpatnam,1359438,1337982,1323289
179,179,Adilabad,Ichoda,910182,853581,892044
180,180,Rajanna Sircilla,Illanthakunta,1780065,1748095,1801558
181,181,Warangal_Urban,Inavolu,1471109,1484645,1486237
182,182,Nizamabad,Indalwai,777955,753308,765823
183,183,Adilabad,Inderavelly,1041222,1029230,1225163
184,184,Jogulamba Gadwal,Itikyal,2888179,2835528,2842092
185,185,Mahabubnagar,Jadcherla,2482840,2574924,2497207
186,186,Siddipet,Jagdevpur,1416917,1495150,1508119
187,187,Jagtial,Jagityal_Rural,1266573,1289195,1292212
188,188,Jagtial,Jagtial,252721,249371,247602
189,189,Adilabad,Jainad,2520591,2650250,2688413
190,190,Kumurambheem Asifabad,Jainoor,549967,450734,569324
191,191,Mancherial,Jaipur,1429129,1394222,1398421
192,192,Suryapet,Jajireddigudem,1140712,1180769,1202306
193,193,Nizamabad,Jakranpally,1049953,1035921,1029045
194,194,Karimnagar,Jammikunta,1205599,1205886,1187127
195,195,Jangoan,Jangoan,1382681,1582169,1630427
196,196,Mancherial,Jannaram,1086162,1107342,1077469
197,197,Sangareddy,Jharasangam,1568877,1822212,1474692
198,198,Kamareddy,Jukkal,1474190,1485389,1522045
199,199,Peddapalli,Julapalli,850595,869401,870078
200,200,Bhadradri Kothagudem,Julurupad,1356779,1445032,1429042
201,201,Nirmal,Kaddampeddur,982120,1127142,1048129
202,202,Rangareddy,Kadthal,1172443,1257685,1174382
203,203,Kumurambheem Asifabad,Kagaznagar,1631778,1655074,1876192
204,204,Sangareddy,Kalher,909243,1021775,1031552
205,205,Khammam,Kalluru,2114975,2215087,2181294
206,206,Jogulamba Gadwal,Kaloor_Thimmandoddi,1440568,1417706,1294094
207,207,Nagarkurnool,Kalwakurthy,2839864,2846925,2824128
208,208,Warangal_Urban,Kamalapur,1505544,1522946,1529160
209,209,Peddapalli,Kamanpur,441473,432698,440045
210,210,Kamareddy,Kamareddy,961979,994519,969814
211,211,Khammam,Kamepally,1553963,1610529,1568078
212,212,Nalgonda,Kanagal,2140643,2178240,2176062
213,213,Sangareddy,Kandi,1190048,1186754,1135015
214,214,Rangareddy,Kandukur,1987254,2122198,2065714
215,215,Sangareddy,Kangti,1082393,890037,931070
216,216,Mulugu,Kannaigudem,493307,451105,462887
217,217,Mancherial,Kannepalli,1076550,1197327,1352614
218,218,Medchal_Malkajgiri,Kapra,14195,15737,16051
219,219,Bhadradri Kothagudem,Karakagudem,878166,872912,868412
220,220,Karimnagar,Karimnagar,19673,25522,22938
221,221,Karimnagar,Karimnagar_Rural,937125,932341,923929
222,222,Mancherial,Kasipet,965518,914418,930993
223,223,Jayashankar Bhupalpally,Kataram,1325653,1416808,1488178
224,224,Jagtial,Kathlapur,1341419,1329730,1344373
225,225,Nalgonda,Kattangur,1810382,1815559,1840957
226,226,Medchal_Malkajgiri,Keesara,539845,552840,537099
227,227,Kumurambheem Asifabad,Kerameri,521145,632777,955591
228,228,Mahabubabad,Kesamudram,1914091,1948637,1955142
229,229,Rangareddy,Keshampeta,2074773,2129617,2102758
230,230,Nalgonda,Kethepally,1359075,1366580,1378964
231,231,Warangal_Urban,Khaazipet,783563,802961,802979
232,232,Hyderabad,Khairatabad,0,0,36
233,233,Khammam,Khammam_Rural,1729503,1720394,1717421
234,234,Khammam,Khammam_Urban,498367,508735,513800
235,235,Nirmal,Khanapur,820161,883399,856751
236,236,Warangal_Rural,Khanapur,1050206,1060851,1060003
237,237,Warangal_Urban,Khila Warangal,542140,546649,546769
238,238,Suryapet,Kodad,1518759,1536482,1524080
239,239,Nagarkurnool,Kodair,1614731,1639804,1630749
240,240,Vikarabad,Kodangal,1860506,1981774,1928359
241,241,Jagtial,Kodimial,945682,971933,1026493
242,242,Siddipet,Koheda,1570826,1592165,1603472
243,243,Sangareddy,Kohir,1912306,1993208,1880661
244,244,Mahabubnagar,Koilkonda,1330213,1439998,1235355
245,245,Nagarkurnool,Kollapur,1471711,1541685,1460824
246,246,Siddipet,Komuravelli,644256,663219,668003
247,247,Rajanna Sircilla,Konaraopet,1271871,1277751,1279406
248,248,Nalgonda,Kondamallapally,811593,944371,824880
249,249,Siddipet,Kondapak,1834448,1843804,1784536
250,250,Sangareddy,Kondapur,1283548,1365967,1124809
251,251,Rangareddy,Kondurg,1208079,1252144,1158164
252,252,Khammam,Konijerla,2062604,2098074,2060118
253,253,Jagtial,Korutla,1233325,1233150,1227943
254,254,Narayanpet,Kosgi,1785083,1805736,1727554
255,255,Nizamabad,Kotagiri,1488563,1522004,1550523
256,256,Vikarabad,Kotepally,776959,823240,720889
257,257,Mahabubabad,Kothaguda,1316878,1618022,1597740
258,258,Bhadradri Kothagudem,Kothagudem,45903,55004,49649
259,259,Wanaparthy,Kothakota,1355566,1390426,1378701
260,260,Karimnagar,Kothapally,689468,699883,697780
261,261,Rangareddy,Kothur,877272,911628,904028
262,262,Kumurambheem Asifabad,Kouthala,1287309,1211049,1512004
263,263,Medak,Kowdipally,933187,919554,897029
264,264,Nirmal,Kubeer,1985488,1935385,2282358
265,265,Medchal_Malkajgiri,Kukatpally,3404,1310,2938
266,266,Medak,Kulcharam,1019760,1023874,1028798
267,267,Vikarabad,Kulkacharla,1175460,1291758,1171652
268,268,Nirmal,Kuntala,883777,899671,970286
269,269,Mahabubabad,Kuravi,2217497,2248911,2246838
270,270,Khammam,Kusumanchi,2036033,2016563,2034642
271,271,Nirmal,Laxmanchanda,1108754,1117378,1103644
272,272,Bhadradri Kothagudem,Laxmidevipally,830007,1129059,1109424
273,273,Jangoan,Lingalaghanpur,1722284,1796837,1773122
274,274,Kamareddy,Lingampet,1215760,1254629,1202639
275,275,Kumurambheem Asifabad,Lingapur,181534,121824,123510
276,276,Nirmal,Lokeshwaram,1661164,1795481,1786639
277,277,Mancherial,Luxettipet,1039224,1054944,1076370
278,278,Kamareddy,Machareddy,1274747,1286127,1261617
279,279,Wanaparthy,Madanapur,926635,951704,939457
280,280,Suryapet,Maddirala,1274270,1285885,1278671
281,281,Narayanpet,Maddur,1845543,2052202,1881663
282,282,Siddipet,Maddur,907978,911543,909265
283,283,Rangareddy,Madgul,2123607,2172035,2263464
284,284,Khammam,Madhira,1910374,1991290,1795914
285,285,Kamareddy,Madnur,2241043,2204258,2156000
286,286,Nalgonda,Madugulapally,2146951,2168186,2170693
287,287,Narayanpet,Maganoor,1570942,1590587,1615518
288,288,Mahabubabad,Mahabubabad,2004930,2001669,1982339
289,289,Mahabubnagar,Mahabubnagar_Urban,374851,371089,365736
290,290,Jayashankar Bhupalpally,Mahadevpur,806288,804727,823401
291,291,Rangareddy,Maheswaram,1906595,1896209,1890930
292,292,Nizamabad,Makloor,1255976,1275991,1286729
293,293,Narayanpet,Makthal,3167388,3310775,3325176
294,294,Jogulamba Gadwal,Maldakal,2087844,2139755,2106921
295,295,Jayashankar Bhupalpally,Malharrao,1207050,1197705,1173503
296,296,Medchal_Malkajgiri,Malkajgiri,65,218,47
297,297,Jagtial,Mallapur,1469108,1518729,1464804
298,298,Jagtial,Mallial,832971,846311,909219
299,299,Nirmal,Mamda,1062135,1068234,1065610
300,300,Karimnagar,Manakondur,1899300,1888766,1876101
301,301,Rangareddy,Manchal,605655,648670,793176
302,302,Mancherial,Mancherial,214370,204609,199464
303,303,Mancherial,Mandamarri,792075,835128,798426
304,304,Mulugu,Mangapet,1636672,1638855,1653448
305,305,Sangareddy,Manoor,1133359,1353523,1333380
306,306,Jogulamba Gadwal,Manopad,1510462,1576604,1531651
307,307,Peddapalli,Manthani,1855006,1811590,1815972
308,308,Bhadradri Kothagudem,Manuguru,675956,644410,681993
309,309,Hyderabad,Maredpally,131,83,109
310,310,Narayanpet,Marikal,1459074,1488717,1458558
311,311,Mahabubabad,Maripeda,2219467,2222148,2230049
312,312,Siddipet,Markook,835183,881488,875472
313,313,Vikarabad,Marpalle,1324444,1608584,1202327
314,314,Nalgonda,Marriguda,1508373,1537176,1565305
315,315,Suryapet,Mattampalli,1315074,1446824,1421555
316,316,Medak,Medak,872895,824591,865122
317,317,Medchal_Malkajgiri,Medchal,1007881,997908,1008081
318,318,Jagtial,Medipalle,1515943,1535002,1552110
319,319,Medchal_Malkajgiri,Medipally,12321,10660,14739
320,320,Suryapet,Mellachervu,1033499,1148460,1134779
321,321,Nizamabad,Mendora,658459,666051,674324
322,322,Jagtial,Metpalli,1491877,1483553,1489514
323,323,Mahabubnagar,Midjil,1591597,1601669,1600633
324,324,Siddipet,Mirdoddi,1554308,1574559,1562442
325,325,Nalgonda,Miryalaguda,2147074,2150801,2133607
326,326,Sangareddy,Mogudampally,1240240,1228947,1165623
327,327,Jayashankar Bhupalpally,Mogullapally,1150563,1152807,1150448
328,328,Rangareddy,Moinabad,1683097,1714814,1656301
329,329,Vikarabad,Mominpet,1236084,1346414,1132720
330,330,Mahabubnagar,Moosapet,708259,728492,630201
331,331,Nizamabad,Morthad,1005124,1013143,1008571
332,332,Yadadri Bhuvanagiri,Motakondur,1380309,1423479,1434402
333,333,Suryapet,Mothey,1830321,1825563,1821176
334,334,Yadadri Bhuvanagiri,Mothkur,1367065,1405906,1394648
335,335,Nirmal,Mudhole,1678833,1694562,1674824
336,336,Khammam,Mudigonda,1912934,1923743,1915392
337,337,Nizamabad,Mugpal,815242,814119,808995
338,338,Bhadradri Kothagudem,Mulakalapally,1967149,2189246,2372393
339,339,Mulugu,Mulug,1868594,1928442,1979738
340,340,Siddipet,Mulug,1062397,1079427,1083858
341,341,Suryapet,Munagala,1373449,1371650,1373988
342,342,Sangareddy,Munipally,1169346,1684665,1623964
343,343,Nalgonda,Munugode,1830802,2017208,2131296
344,344,Nizamabad,Mupkal,445150,446447,444573
345,345,Hyderabad,Musheerabad,0,2,58
346,346,Rajanna Sircilla,Mustabad,1347404,1256967,1304620
347,347,Jayashankar Bhupalpally,Mutharam_Mahadevpur,1397077,1449635,1558288
348,348,Peddapalli,Mutharam_Manthani,854139,856444,861856
349,349,Suryapet,Nadigudem,1270026,1265757,1262864
350,350,Sangareddy,Nagalgidda,920111,1011245,888054
351,351,Suryapet,Nagaram,1237360,1285736,1284366
352,352,Kamareddy,Nagi_Reddypet,975363,991040,1029279
353,353,Nalgonda,Nakrekal,1381198,1395091,1416863
354,354,Nalgonda,Nalgonda,3047448,3056187,3058828
355,355,Warangal_Rural,Nallabelli,1300572,1372428,1379690
356,356,Hyderabad,Nampally,0,0,0
357,357,Nalgonda,Nampally,2363763,2486141,2464569
358,358,Rangareddy,Nandigama,754584,767068,775088
359,359,Nizamabad,Nandipet,1973163,2120066,2174756
360,360,Siddipet,Nangnoor,1705773,1707410,1699013
361,361,Yadadri Bhuvanagiri,Narayanapoor,1297447,1292840,1394539
362,362,Sangareddy,Narayankhed,1455812,1595600,1417755
363,363,Narayanpet,Narayanpet,1169450,1251044,1156362
364,364,Nalgonda,Narketpally,2158914,2182647,2188172
365,365,Jangoan,Narmetta,953373,1056042,1073888
366,366,Adilabad,Narnoor,696598,684339,935265
367,367,Warangal_Rural,Narsampet,1138881,1153240,1157723
368,368,Medak,Narsapur,1096438,1093735,1089469
369,369,Nirmal,Narsapur_G,777494,822320,877854
370,370,Mahabubabad,Narsimhulapet,983026,987708,981698
371,371,Medak,Narsingi,371042,351207,359259
372,372,Narayanpet,Narva,1818752,1901068,1890676
373,373,Mancherial,Naspur,137039,123601,108910
374,374,Kamareddy,Nasurullabad,667927,676111,675425
375,375,Nizamabad,Navipet,1466269,1533916,1545125
376,376,Mahabubnagar,Nawabpet,2223012,2262563,2184576
377,377,Vikarabad,Nawabpet,1350753,1369192,998420
378,378,Warangal_Rural,Nekkonda,1692297,1719854,1734573
379,379,Khammam,Nelakondapally,1757853,1757325,1757714
380,380,Mahabubabad,Nellikudur,1887465,1904184,1903355
381,381,Mancherial,Nennel,1008759,1095930,1087015
382,382,Adilabad,Neradigonda,641163,654102,719976
383,383,Suryapet,Nereducherla,1196938,1199639,1197436
384,384,Nalgonda,Neredugommu,773686,759566,685620
385,385,Nalgonda,Nidamanoor,2083485,2084538,2081993
386,386,Nirmal,Nirmal,93315,104706,107739
387,387,Nirmal,Nirmal Rural,859725,866924,849288
388,388,Nizamabad,Nizamabad North,19183,20299,19978
389,389,Nizamabad,Nizamabad Rural,807815,816042,796568
390,390,Nizamabad,Nizamabad South,84924,77435,70232
391,391,Medak,Nizampet,919378,935507,923079
392,392,Kamareddy,Nizamsagar,812283,943076,1072460
393,393,Suryapet,Noothankal,1183274,1192229,1187793
394,394,Sangareddy,Nyalkal,2080455,2211444,1847717
395,395,Peddapalli,Odela,1358376,1358610,1353581
396,396,Nagarkurnool,Padara,283909,376324,194173
397,397,Suryapet,Palakeedu,986040,1020451,1040553
398,398,Jangoan,Palakurthy,2455515,2489084,2475690
399,399,Peddapalli,Palakurthy,739118,739019,752430
400,400,Jayashankar Bhupalpally,Palmela,299467,308716,236156
401,401,Bhadradri Kothagudem,Palvancha,1610502,1765645,1810276
402,402,Wanaparthy,Pangal,1437815,1532338,1481867
403,403,Medak,Papannapet,1364631,1438672,1476898
404,404,Vikarabad,Pargi,1835227,1902393,1844317
405,405,Warangal_Rural,Parkal,726214,731577,728572
406,406,Warangal_Rural,Parvathagiri,1503405,1532116,1536431
407,407,Sangareddy,Patancheruvu,1327385,1277170,1243089
408,408,Wanaparthy,Pebbair,1773571,1814143,1817425
409,409,Nalgonda,Peda Adisharla Palli,2446581,2508856,2503798
410,410,Kamareddy,Pedda Kodapgal,660263,579008,598021
411,411,Nagarkurnool,Peddakothapalle,1920127,2017344,1833762
412,412,Wanaparthy,Peddamandaddi,1184786,1276599,1206571
413,413,Peddapalli,Peddapalli,1931678,1935104,1929068
414,414,Mahabubabad,Peddavangara,1060259,1073463,1073272
415,415,Nalgonda,Peddavoora,2255451,2338457,2345067
416,416,Vikarabad,Peddemul,1531888,1523223,1475030
417,417,Jagtial,Pegadapalli,1048469,1063329,1071807
418,418,Nirmal,Pembi,475656,553429,503271
419,419,Kumurambheem Asifabad,Penchikalpet,609173,654214,719530
420,420,Suryapet,Penpahad,1724857,1671428,1669779
421,421,Nagarkurnool,Pentlavelli,497686,542537,603646
422,422,Khammam,Penuballi,1995383,2129317,2120015
423,423,Bhadradri Kothagudem,Pinapaka,1286195,1281340,1280650
424,424,Vikarabad,Pudur,1803530,1866759,1695550
425,425,Sangareddy,Pulkal,974335,1110403,1158647
426,426,Medchal_Malkajgiri,Quthbullapur,21965,13895,17743
427,427,Khammam,Raghunadhapalem,1720325,1764077,1716612
428,428,Jangoan,Ragunathpally,2054598,2234967,2236066
429,429,Jagtial,Raikal,1418253,1471070,1431972
430,430,Sangareddy,Raikode,1472196,1831820,1739633
431,431,Warangal_Rural,Raiparthy,2035896,2066816,2058553
432,432,Siddipet,Raipole,932343,949267,950771
433,433,Kamareddy,Rajampet,710731,707344,693658
434,434,Yadadri Bhuvanagiri,Rajapeta,1610513,1672352,1668838
435,435,Mahabubnagar,Rajapur,1199473,1204184,1193805
436,436,Rangareddy,Rajendranagar,73567,61890,59346
437,437,Jogulamba Gadwal,Rajoli,1176083,1157671,1170793
438,438,Sangareddy,Ramachandrapuram,459583,448714,431310
439,439,Karimnagar,Ramadugu,1237404,1238103,1234439
440,440,Peddapalli,Ramagiri,751329,712609,717746
441,441,Peddapalli,Ramagundam,232377,216559,213014
442,442,Yadadri Bhuvanagiri,Ramannapet,1952668,2071758,2055993
443,443,Kamareddy,Ramareddy,753781,760669,760589
444,444,Medak,Ramayampet,766149,752458,746609
445,445,Kumurambheem Asifabad,Rebbena,1769271,1789971,1893755
446,446,Medak,Regode,540077,653167,604391
447,447,Jayashankar Bhupalpally,Regonda,1842943,1855305,1867541
448,448,Nizamabad,Renjal,1037423,1051116,1058406
449,449,Wanaparthy,Revally,952010,968636,941294
450,450,Rajanna Sircilla,Rudrangi,412169,397390,384524
451,451,Nizamabad,Rudrur,441310,444203,455132
452,452,Kamareddy,Sadashivnagar,1348648,1324959,1287533
453,453,Sangareddy,Sadasivpet,2121701,2216890,2199085
454,454,Hyderabad,Saidabad,5,0,0
455,455,Sangareddy,Sangareddy,671995,650988,660002
456,456,Warangal_Rural,Sangem,1393592,1399433,1412548
457,457,Jagtial,Sarangapur,583546,610328,627298
458,458,Nirmal,Sarangapur,1532026,1573896,1659247
459,459,Khammam,Sathupally,1495545,1543513,1540056
460,460,Hyderabad,Secunderabad,4,28,0
461,461,Rangareddy,Serilingampalle,37676,29119,24026
462,462,Rangareddy,Shabad,2190817,2202202,2137122
463,463,Hyderabad,Shaikpet,514,260,957
464,464,Nalgonda,Shaligouraram,2015307,2040719,2117753
465,465,Medchal_Malkajgiri,Shamirpet,658424,683214,692634
466,466,Rangareddy,Shamshabad,1389071,1388053,1423065
467,467,Medak,Shankarampet_A,787075,899169,976090
468,468,Karimnagar,Shankarapatnam,1322610,1319021,1326990
469,469,Rangareddy,Shankarpalle,1941588,1907134,1741241
470,470,Warangal_Rural,Shayampet,997784,1010501,1008825
471,471,Medak,Shivampet,1257257,1296149,1219707
472,472,Siddipet,Siddipet_Rural,955636,956160,966082
473,473,Siddipet,Siddipet_Urban,1145203,1094941,1071013
474,474,Khammam,Singareni,1866776,1955220,1936002
475,475,Rajanna Sircilla,Sircilla,338000,341092,336174
476,476,Sangareddy,Sirgapoor,659381,702877,661530
477,477,Adilabad,Sirikonda,596349,668071,678731
478,478,Nizamabad,Sirikonda,1478963,1425389,1481816
479,479,Kumurambheem Asifabad,Sirpur_T,1258240,1240244,1371786
480,480,Kumurambheem Asifabad,Sirpur_U,624952,551272,571041
481,481,Nirmal,Soan,625372,630494,634275
482,482,Peddapalli,Srirampur,1540650,1524933,1516243
483,483,Wanaparthy,Srirangapur,614430,637916,649702
484,484,Bhadradri Kothagudem,Sujathanagar,677193,719659,720912
485,485,Peddapalli,Sultanabad,1446394,1453591,1427230
486,486,Suryapet,Suryapet,1791718,1803266,1856836
487,487,Nagarkurnool,Tadoor,2150619,2176126,2193457
488,488,Mulugu,Tadvai (Sammakka Sarakka),966157,926799,1037631
489,489,Kamareddy,Tadwai,1438974,1402903,1243674
490,490,Rangareddy,Talakondapally,2214048,2254324,2181472
491,491,Adilabad,Talamadugu,1234234,1332096,1323948
492,492,Adilabad,Tamsi,664124,749809,730338
493,493,Mancherial,Tandur,754429,812042,911708
494,494,Vikarabad,Tandur,1865088,1851064,1778654
495,495,Nirmal,Tanoor,1490589,1479910,1711614
496,496,Medak,Tekmal,1016990,1046545,1051062
497,497,Bhadradri Kothagudem,Tekulapalle,2368751,2780933,2722512
498,498,Jayashankar Bhupalpally,Tekumatla,895753,899863,904925
499,499,Nagarkurnool,Telkapalle,2333059,2360434,2364659
500,500,Khammam,Thallada,1779975,1837843,1790427
501,501,Rajanna Sircilla,Thangallapalli,1361261,1262057,1274763
502,502,Jangoan,Tharigoppula,749761,781108,796375
503,503,Nagarkurnool,Thimmajipeta,1762533,1858507,1772692
504,504,Karimnagar,Thimmapur,1331765,1359569,1352488
505,505,Siddipet,Thoguta,1228984,1258403,1244678
506,506,Mahabubabad,Thorrur,1806357,1815532,1821665
507,507,Suryapet,Thungathurthy,1493699,1508262,1513899
508,508,Nalgonda,Tipparthy,1818350,1835797,1838164
509,509,Suryapet,Tirumalagiri,1247888,1271009,1273706
510,510,Nalgonda,Tirumalagiri_Sagar,1160778,1314110,1268752
511,511,Khammam,Tirumalayapalem,2187515,2171451,2208111
512,512,Hyderabad,Tirumalgiri,54,125,235
513,513,Kumurambheem Asifabad,Tiryani,752424,680306,743680
514,514,Nalgonda,Tripuraram,1460106,1453585,1456364
515,515,Yadadri Bhuvanagiri,Turkapalle_M,631505,762960,934119
516,516,Jogulamba Gadwal,Undavelly,1613793,1649794,1574099
517,517,Medchal_Malkajgiri,Uppal,15617,18744,18848
518,518,Nagarkurnool,Uppunuthala,2069104,2105040,2072048
519,519,Nagarkurnool,Urkonda,1408502,1397511,1364482
520,520,Adilabad,Utnur,1499329,1547516,1661647
521,521,Karimnagar,V_Saidapur,1316277,1321835,1319473
522,522,Nizamabad,Vailpur,1228468,1230613,1228422
523,523,Yadadri Bhuvanagiri,Valigonda,2879221,2933470,2938107
524,524,Nagarkurnool,Vangoor,2232411,2245077,2182984
525,525,Nizamabad,Varni,736227,741397,715967
526,526,Sangareddy,Vatpally,804272,995562,993965
527,527,Karimnagar,Veenavanka,1363890,1373144,1374279
528,528,Rajanna Sircilla,Veernapalli,316125,312948,339786
529,529,Warangal_Urban,Velair,898848,929130,924450
530,530,Nagarkurnool,Veldanda,1906378,1969685,1807170
531,531,Jagtial,Velgatur,1291298,1301974,1336664
532,532,Mancherial,Vemanpalle,622235,696297,742905
533,533,Khammam,Vemsoor,1760118,1848809,1880609
534,534,Nalgonda,Vemulapally,1021173,1032890,1047297
535,535,Rajanna Sircilla,Vemulawada,685346,680629,687443
536,536,Rajanna Sircilla,Vemulawada Rural,881115,864468,876250
537,537,Mulugu,Venkatapur,1248295,1277424,1325024
538,538,Mulugu,Venkatapuram,1039041,1004571,1033299
539,539,Vikarabad,Vikarabad,1923582,2002206,1697788
540,540,Jogulamba Gadwal,Waddepally,1254636,1255255,1244987
541,541,Wanaparthy,Wanaparthy,1214900,1248255,1158227
542,542,Kumurambheem Asifabad,Wankidi,1798972,1572090,1811895
543,543,Warangal_Urban,Warangal,206615,211870,205787
544,544,Warangal_Rural,Wardhannapet,1485188,1522031,1531033
545,545,Siddipet,Wargal,1195025,1189304,1165123
546,546,Wanaparthy,Weepangandla,1224109,1294798,1297590
547,547,Khammam,Wyra,1305270,1307809,1294682
548,548,Rangareddy,Yacharam,1426460,1784246,1715916
549,549,Yadadri Bhuvanagiri,Yadagirigutta,1301020,1352312,1415509
550,550,Nizamabad,Yedapally,653096,667464,661495
551,551,Vikarabad,Yelal,1443940,1534718,1508285
552,552,Medak,Yeldurthy,829242,871573,859623
553,553,Bhadradri Kothagudem,Yellandu,2012156,2207880,2253734
554,554,Kamareddy,Yellareddy,862258,850127,867792
555,555,Rajanna Sircilla,Yellareddypet,1111660,1119588,1107386
556,556,Nizamabad,Yergatla,635104,628561,628283
557,557,Khammam,Yerrupalem,1651244,1795317,1738436
558,558,Jangoan,Zaffergadh,1446190,1487517,1489259
559,559,Sangareddy,Zahirabad,2084524,2133486,2035346
560,560,Nagarkurnool,Lingal,1334000,1456027,965369
561,561,Nagarkurnool,Nagar_Kurnool,2053958,2058091,2038126
562,562,Mahabubnagar,Mahabubnagar_Rural,669347,654193,600349
563,563,Narayanpet,Utkoor,2314649,2369842,2436429
564,564,Rangareddy,Saroornagar,18,184,182
565,565,Sangareddy,Ameenpur,127369,123689,107742
566,566,Sangareddy,Jinnaram,537640,537354,533058
567,567,Medak,Toopran,882816,890904,871965
568,568,Medak,Manoharabad,532104,501447,505740
569,569,Siddipet,Doultabad,976318,992586,978524
570,570,Medak,Chilipched,668572,687347,694276
571,571,Medak,Shankarampet_R,958537,971721,981022
572,572,Medak,Chegunta,955968,971880,952111
573,573,Kamareddy,Domakonda,636379,674176,670451
574,574,Kamareddy,Pitlam,1261405,1273107,1260441
575,575,Kamareddy,Bichkunda,1500085,1501190,1521743
576,576,Kamareddy,Birkoor,720297,771536,802238
577,577,Adilabad,Mavala,117661,129528,111726
578,578,Peddapalli,Anthergaon,731422,701391,716194
579,579,Mulugu,Wazeed,1028475,1019254,1003307
580,580,Nizamabad,Kammarpally,883613,881726,901644
581,581,Jangoan,Kodakandla,1124828,1133679,1141977
582,582,Narayanpet,Krishna,1671633,1680240,1677495
583,583,Mancherial,Kotapalle,1096132,1334631,1473221
584,584,Warangal_Rural,Nadikuda,914033,913121,920223
585,585,Medchal_Malkajgiri,Muduchinthalaphally,689966,701730,704781
586,586,Siddipet,Narayanraopet,611265,583565,614903
587,587,Nizamabad,Mosra,240688,247132,248683
588,588,Nizamabad,Chandur,301784,301628,302346
589,589,Sangareddy,Chowtakur,839109,879661,906171
590,590,Medak,Masaipet,455115,490007,495247
591,591,Siddipet,Dhoolumitta,682836,691274,692097
