,index,0,3,5,9,10,12,14,18,24,26,27,32,39,40,42,46,50,59,62,67,73,76,81,84,100,107,112,113,114,121,124,127,132,134,135,137,141,142,143,146,150,152,154,157,161,162,165,166,175,178,184,190,191,198,201,203,204,210,215,217,222,223,228,233,237,240,241,242,245,246,257,272,279,281,284,291,293,304,307,311,322,325,336,337,338,339,343,347,349,352,353,357,359,361,365,369,385,387,394,396,409,411,413,416,418,429,431,432,435,444,450,451,453,455,462,469,473,477,486,487,488,490,491,495,498,501,507,510,513,515,523,524,526,527,538,539,546,547,552,553,555,559,563,570,583,585,ModifiedDateTime
0,2015-01-01,94.0,95.0,97.0,95.0,94.0,96.0,94.0,94.0,97.0,95.0,95.0,95.0,96.0,94.0,95.0,95.0,96.0,97.0,94.0,96.0,96.0,96.0,95.0,95.0,96.0,95.0,95.0,94.0,95.0,95.0,94.0,95.0,96.0,96.0,96.0,97.0,94.0,95.0,94.0,96.0,96.0,95.0,95.0,94.0,95.0,96.0,95.0,96.0,96.0,94.0,95.0,97.0,96.0,95.0,97.0,96.0,95.0,95.0,95.0,96.0,96.0,96.0,95.0,95.0,95.0,95.0,96.0,96.0,94.0,95.0,95.0,96.0,94.0,95.0,96.0,94.0,95.0,96.0,96.0,95.0,96.0,95.0,95.0,95.0,95.0,96.0,95.0,97.0,95.0,95.0,95.0,94.0,96.0,95.0,95.0,96.0,95.0,96.0,95.0,95.0,95.0,94.0,96.0,95.0,96.0,96.0,95.0,95.0,94.0,95.0,96.0,96.0,94.0,94.0,94.0,94.0,95.0,97.0,95.0,94.0,96.0,94.0,96.0,96.0,96.0,96.0,95.0,95.0,96.0,95.0,95.0,94.0,95.0,96.0,95.0,94.0,94.0,96.0,95.0,96.0,96.0,95.0,95.0,95.0,96.0,95.0,2015-01-01
1,2015-02-01,97.0,98.0,98.0,97.0,97.0,98.0,97.0,97.0,99.0,98.0,98.0,97.0,98.0,97.0,97.0,98.0,99.0,98.0,97.0,98.0,98.0,98.0,98.0,98.0,98.0,98.0,97.0,97.0,98.0,97.0,96.0,97.0,98.0,98.0,99.0,98.0,96.0,97.0,97.0,98.0,99.0,98.0,97.0,97.0,97.0,98.0,97.0,99.0,98.0,97.0,97.0,98.0,99.0,97.0,98.0,99.0,97.0,97.0,97.0,99.0,99.0,99.0,98.0,98.0,98.0,96.0,98.0,98.0,97.0,97.0,98.0,98.0,97.0,97.0,98.0,97.0,97.0,98.0,99.0,98.0,98.0,98.0,98.0,97.0,98.0,98.5,97.0,99.0,98.0,97.0,98.0,97.0,98.0,97.0,98.0,98.0,97.0,98.0,97.0,97.0,97.0,97.0,99.0,96.0,98.0,98.0,98.0,97.0,97.0,97.0,98.0,97.0,97.0,97.0,97.0,96.0,97.0,98.0,98.0,97.0,98.5,97.0,98.0,98.0,99.0,97.0,98.0,97.0,99.0,97.0,97.0,97.0,96.0,98.0,98.0,96.0,97.0,98.0,97.0,98.0,97.0,97.0,97.0,97.0,99.0,97.0,2015-02-01
2,2015-03-01,105.0,105.0,107.0,105.0,104.0,106.0,104.0,104.0,106.5,106.0,105.0,105.0,106.0,104.0,105.0,106.0,106.0,108.0,104.0,106.0,106.0,105.0,106.0,106.0,106.0,106.0,105.0,105.0,106.0,105.0,105.0,105.0,105.0,105.0,106.0,106.0,104.0,104.0,104.0,106.0,106.0,106.0,104.0,104.0,104.0,106.0,105.0,106.0,105.0,104.0,104.0,106.0,106.0,105.0,106.0,107.0,104.0,104.0,104.0,107.0,107.0,106.0,106.0,105.0,106.0,105.0,106.0,105.0,103.5,105.0,105.0,105.0,105.0,105.0,105.0,104.0,105.0,106.0,107.0,105.0,106.0,105.0,105.0,105.0,105.0,106.0,105.0,107.0,105.0,104.0,105.0,105.0,106.0,105.0,105.0,106.0,105.0,107.0,105.0,105.0,105.0,103.0,106.0,105.0,106.0,106.0,106.0,105.0,103.0,105.0,106.0,105.0,104.0,104.0,104.0,104.0,105.0,106.0,105.0,104.0,106.5,104.0,107.0,106.0,106.0,106.0,105.0,105.0,106.0,105.0,105.0,104.0,104.0,106.0,106.0,105.0,104.0,105.0,105.0,105.0,106.0,105.0,105.0,105.0,107.0,105.0,2015-03-01
3,2015-04-01,114.0,114.0,115.0,114.0,113.0,115.0,114.0,113.0,115.5,115.0,114.0,114.0,115.0,112.0,115.0,114.0,116.0,116.0,113.0,116.0,116.0,114.0,114.0,114.0,115.0,115.0,113.0,114.0,114.0,115.0,114.0,114.0,115.0,114.0,115.0,116.0,114.0,114.0,114.0,115.0,115.0,115.0,113.0,113.0,114.0,115.0,114.0,116.0,114.0,114.0,113.0,115.0,116.0,115.0,115.0,116.0,114.0,114.0,114.0,116.0,116.0,116.0,114.0,114.0,115.0,113.0,115.0,115.0,112.0,114.0,114.0,114.0,113.0,114.0,113.0,113.0,114.0,115.0,116.0,114.0,115.0,114.0,114.0,115.0,114.0,115.0,114.0,116.0,114.0,114.0,114.0,113.0,115.0,114.0,114.0,115.0,114.0,115.0,114.0,113.0,113.0,113.0,115.0,114.0,115.0,115.0,114.0,114.0,113.0,114.0,115.0,115.0,114.0,114.0,113.0,114.0,114.0,116.0,114.0,113.0,115.0,114.0,116.0,115.0,115.0,115.0,114.0,113.0,115.0,114.0,114.0,113.0,114.0,115.0,115.0,114.0,113.0,114.0,114.0,115.0,115.0,114.0,114.0,114.0,116.0,114.0,2015-04-01
4,2015-05-01,117.0,117.0,120.0,117.0,115.0,118.0,116.0,116.0,120.0,118.0,117.0,117.0,119.0,116.0,118.0,118.0,121.0,120.0,116.0,120.0,119.0,117.0,117.0,118.0,119.0,118.0,116.0,116.0,117.0,119.0,116.0,118.0,118.0,117.0,118.0,120.0,116.0,118.0,117.0,119.0,119.0,117.0,115.0,115.0,117.0,118.0,117.0,119.0,116.0,117.0,115.0,120.0,119.0,118.0,119.0,120.0,118.0,118.0,118.0,120.0,120.0,119.0,117.0,117.0,117.0,117.0,119.0,118.0,115.0,117.0,118.0,118.0,116.0,116.0,117.0,116.0,116.0,119.0,119.0,117.0,119.0,117.0,117.0,119.0,117.0,118.5,117.0,119.0,117.0,118.0,117.0,117.0,119.0,117.0,117.0,120.0,117.0,120.0,118.0,116.0,117.0,116.0,119.0,117.0,119.0,119.0,117.0,118.0,116.0,118.0,119.0,119.0,117.0,117.0,116.0,117.0,118.0,120.0,117.0,116.0,118.5,116.0,120.0,119.0,119.0,118.0,117.0,116.0,119.0,117.0,117.0,116.0,118.0,119.0,118.0,117.0,115.0,117.0,118.0,118.0,118.0,117.0,116.0,118.0,120.0,117.0,2015-05-01
5,2015-06-01,115.0,115.0,117.0,115.0,115.0,115.0,114.0,114.0,117.0,115.0,114.0,115.0,116.0,114.0,117.0,116.0,117.0,117.0,114.0,117.0,116.0,114.0,116.0,115.0,117.0,116.0,115.0,114.0,115.0,116.0,115.0,116.0,115.0,115.0,116.0,117.0,114.0,117.0,115.0,116.0,116.0,115.0,115.0,115.0,116.0,116.0,115.0,117.0,116.0,115.0,115.0,117.0,118.0,117.0,117.0,117.0,117.0,116.0,117.0,117.0,117.0,116.0,116.0,115.0,115.0,115.0,117.0,116.0,114.0,115.0,116.0,115.0,114.0,115.0,114.0,115.0,114.0,116.0,117.0,116.0,117.0,115.0,116.0,116.0,114.0,116.0,115.0,117.0,116.0,116.0,115.0,115.0,117.0,115.0,116.0,117.0,115.0,117.0,116.0,114.0,115.0,114.0,117.0,115.0,117.0,117.0,115.0,116.0,115.0,117.0,116.0,116.0,116.0,115.0,115.0,115.0,116.0,117.0,115.0,114.0,116.0,114.0,117.0,116.0,117.0,116.0,115.0,115.0,117.0,115.0,115.0,115.0,116.0,116.0,116.0,116.0,115.0,114.0,116.0,115.0,116.0,115.0,114.0,116.0,117.0,116.0,2015-06-01
6,2015-07-01,113.0,113.0,113.0,112.0,114.0,113.0,113.0,112.0,113.0,113.0,113.0,112.0,113.0,112.0,114.0,113.0,114.0,114.0,113.0,114.0,113.0,113.0,113.0,113.0,113.0,113.0,113.0,113.0,112.0,113.0,113.0,113.0,113.0,113.0,113.0,114.0,113.0,113.0,113.0,113.0,114.0,113.0,113.0,113.0,113.0,112.0,113.0,113.0,113.0,113.0,113.0,113.0,114.0,114.0,113.0,114.0,113.0,113.0,114.0,114.0,113.0,113.0,113.0,113.0,113.0,113.0,113.0,113.0,113.0,112.0,113.0,113.0,113.0,113.0,113.0,113.0,113.0,113.0,114.0,113.0,113.0,113.0,114.0,113.0,113.0,113.0,113.0,113.0,113.0,113.0,113.0,113.0,113.0,112.0,113.0,114.0,113.0,113.0,113.0,112.0,113.0,112.0,113.0,113.0,113.0,113.0,113.0,113.0,113.0,113.0,113.0,114.0,113.0,113.0,113.0,113.0,112.0,113.0,113.0,112.0,113.5,113.0,114.0,113.0,114.0,113.0,113.0,113.0,113.0,113.0,112.0,112.0,114.0,113.0,113.0,113.0,113.0,113.0,113.0,113.0,113.0,113.0,113.0,113.0,114.0,112.0,2015-07-01
7,2015-08-01,112.0,113.0,113.0,113.0,113.0,111.0,112.0,112.0,112.0,112.0,113.0,112.0,111.0,113.0,112.0,112.0,112.0,112.0,112.0,111.0,112.0,113.0,112.0,112.0,112.0,112.0,112.0,112.0,113.0,113.0,112.0,112.0,113.0,113.0,112.0,111.0,112.0,113.0,113.0,112.0,112.0,112.0,112.0,112.0,113.0,112.0,113.0,112.0,113.0,112.0,113.0,112.0,112.0,112.0,112.0,112.0,112.0,113.0,112.0,112.0,112.0,112.0,112.0,113.0,112.0,112.0,112.0,113.0,112.5,112.0,111.0,113.0,112.0,112.0,113.0,112.0,112.0,112.0,112.0,112.0,112.0,113.0,113.0,113.0,112.0,111.5,113.0,111.0,113.0,112.0,114.0,112.0,112.0,112.0,113.0,112.0,113.0,111.0,112.0,113.0,113.0,112.0,112.0,112.0,112.0,112.0,113.0,112.0,111.0,112.0,112.0,112.0,112.0,113.0,112.0,112.0,112.0,112.0,113.0,112.0,111.5,112.0,112.0,112.0,112.0,112.0,113.0,113.0,112.0,113.0,113.0,112.0,112.0,112.0,111.0,111.0,113.0,113.0,113.0,113.0,112.0,112.0,112.0,113.0,112.0,112.0,2015-08-01
8,2015-09-01,111.0,111.0,110.0,111.0,111.0,110.0,110.0,110.0,110.5,110.0,109.0,111.0,110.0,110.0,110.0,111.0,111.0,111.0,110.0,110.0,111.0,110.0,111.0,110.0,111.0,111.0,110.0,110.0,111.0,111.0,110.0,111.0,111.0,110.0,110.0,110.0,110.0,110.0,110.0,111.0,111.0,111.0,111.0,110.0,111.0,110.0,111.0,111.0,111.0,110.0,111.0,110.0,111.0,110.0,110.0,111.0,110.0,110.0,110.0,111.0,111.0,111.0,111.0,111.0,111.0,110.0,111.0,111.0,111.0,111.0,110.0,110.0,111.0,110.0,110.0,110.0,111.0,110.0,111.0,111.0,111.0,110.0,111.0,110.0,110.0,110.5,111.0,111.0,111.0,110.0,111.0,111.0,110.0,111.0,111.0,110.0,111.0,110.0,110.0,110.0,110.0,110.0,111.0,111.0,110.0,111.0,111.0,111.0,110.0,110.0,111.0,110.0,111.0,111.0,110.0,110.0,111.0,110.0,111.0,110.0,110.0,110.0,110.0,110.0,111.0,111.0,111.0,110.0,110.0,111.0,111.0,110.0,111.0,111.0,110.0,111.0,111.0,110.0,111.0,110.0,111.0,110.0,110.0,111.0,111.0,111.0,2015-09-01
9,2015-10-01,110.0,110.0,110.0,110.0,110.0,110.0,110.0,110.0,110.0,110.0,109.0,111.0,110.0,110.0,110.0,110.0,110.0,110.0,110.0,110.0,110.0,110.0,110.0,110.0,110.0,110.0,110.0,110.0,110.0,110.0,110.0,110.0,110.0,110.0,110.0,110.0,110.0,110.0,110.0,110.0,110.0,110.0,110.0,110.0,110.0,110.0,111.0,110.0,111.0,110.0,110.0,110.0,110.0,110.0,110.0,110.0,110.0,110.0,110.0,110.0,110.0,110.0,110.0,110.0,110.0,110.0,110.0,110.0,110.0,111.0,110.0,110.0,110.0,110.0,111.0,110.0,110.0,110.0,110.0,110.0,110.0,111.0,111.0,110.0,110.0,110.0,111.0,110.0,111.0,110.0,111.0,110.0,110.0,111.0,110.0,110.0,111.0,110.0,110.0,111.0,111.0,110.0,110.0,110.0,110.0,110.0,110.0,110.0,110.0,110.0,110.0,110.0,110.0,110.0,110.0,110.0,111.0,110.0,111.0,110.0,110.0,110.0,110.0,110.0,110.0,110.0,110.0,111.0,110.0,110.0,111.0,110.0,110.0,110.0,110.0,110.0,110.0,111.0,110.0,110.0,110.0,110.0,110.0,110.0,110.0,110.0,2015-10-01
10,2015-11-01,97.0,97.0,98.0,98.0,96.0,98.0,97.0,96.0,98.0,97.0,97.0,97.0,98.0,96.0,98.0,98.0,98.0,98.0,96.0,98.0,98.0,97.0,98.0,97.0,98.0,98.0,97.0,96.0,97.0,98.0,96.0,98.0,98.0,97.0,98.0,98.0,96.0,98.0,97.0,98.0,98.0,98.0,96.0,96.0,97.0,98.0,97.0,98.0,97.0,97.0,96.0,98.0,98.0,97.0,98.0,98.0,98.0,98.0,97.0,98.0,98.0,98.0,97.0,97.0,98.0,96.0,98.0,98.0,96.0,98.0,98.0,97.0,96.0,96.0,97.0,97.0,96.0,98.0,98.0,97.0,98.0,97.0,97.0,98.0,97.0,98.0,97.0,98.0,97.0,98.0,97.0,97.0,98.0,97.0,98.0,98.0,97.0,98.0,97.0,96.0,97.0,96.0,98.0,96.0,98.0,98.0,98.0,98.0,97.0,98.0,98.0,98.0,97.0,97.0,97.0,97.0,98.0,98.0,97.0,96.0,98.0,97.0,98.0,98.0,98.0,98.0,97.0,97.0,98.0,97.0,97.0,96.0,97.0,98.0,98.0,97.0,96.0,97.0,98.0,97.0,98.0,97.0,96.0,98.0,98.0,97.0,2015-11-01
11,2015-12-01,94.0,95.0,96.0,95.0,94.0,96.0,94.0,95.0,96.0,95.0,96.0,95.0,95.0,94.0,95.0,95.0,96.0,96.0,94.0,95.0,96.0,96.0,95.0,96.0,96.0,95.0,95.0,94.0,95.0,95.0,93.0,95.0,95.0,96.0,96.0,95.0,93.0,95.0,94.0,96.0,96.0,95.0,94.0,94.0,94.0,96.0,95.0,96.0,96.0,94.0,95.0,96.0,96.0,94.0,96.0,96.0,95.0,95.0,94.0,96.0,96.0,96.0,95.0,95.0,95.0,93.0,96.0,96.0,94.0,95.0,95.0,96.0,94.0,93.0,96.0,94.0,94.0,97.0,96.0,95.0,96.0,95.0,96.0,95.0,96.0,95.5,95.0,96.0,95.0,95.0,96.0,95.0,95.0,95.0,95.0,95.0,96.0,96.0,94.0,95.0,95.0,94.0,96.0,94.0,96.0,96.0,95.0,95.0,93.0,95.0,96.0,95.0,94.0,94.0,94.0,94.0,95.0,96.0,96.0,94.0,96.0,94.0,96.0,95.0,95.0,95.0,95.0,95.0,96.0,95.0,95.0,94.0,94.0,96.0,96.0,94.0,94.0,96.0,95.0,96.0,95.0,94.0,94.0,94.0,96.0,95.0,2015-12-01
12,2016-01-01,93.0,94.0,96.0,94.0,92.0,94.0,92.0,92.0,95.0,95.0,94.0,93.0,95.0,92.0,94.0,94.0,95.0,96.0,92.0,96.0,95.0,94.0,94.0,95.0,95.0,94.0,92.0,92.0,94.0,95.0,92.0,94.0,94.0,94.0,94.0,95.0,92.0,94.0,93.0,95.0,94.0,94.0,92.0,92.0,93.0,94.0,93.0,95.0,93.0,93.0,92.0,95.0,95.0,94.0,95.0,95.0,94.0,94.0,94.0,95.0,95.0,95.0,94.0,94.0,94.0,93.0,95.0,94.0,92.0,94.0,94.0,94.0,92.0,92.0,93.0,93.0,92.0,94.0,95.0,94.0,95.0,93.0,94.0,94.0,94.0,94.0,93.0,94.0,94.0,94.0,93.0,93.0,95.0,93.0,94.0,95.0,93.0,96.0,94.0,93.0,93.0,92.0,95.0,93.0,96.0,95.0,94.0,94.0,92.0,94.0,95.0,94.0,93.0,93.0,93.0,93.0,94.0,96.0,93.0,92.0,94.0,92.0,96.0,95.0,94.0,95.0,93.0,93.0,95.0,94.0,94.0,92.0,94.0,94.0,94.0,93.0,92.0,94.0,93.0,94.0,95.0,94.0,92.0,93.0,95.0,93.0,2016-01-01
13,2016-02-01,91.0,92.0,96.0,92.0,90.0,93.0,90.0,90.0,95.0,93.0,92.0,91.0,94.0,90.0,92.0,92.0,95.0,97.0,89.0,95.0,94.0,92.0,92.0,93.0,94.0,93.0,90.0,90.0,92.0,93.0,90.0,92.0,93.0,92.0,93.0,96.0,90.0,92.0,90.0,94.0,94.0,92.0,90.0,90.0,91.0,93.0,91.0,95.0,91.0,90.0,90.0,95.0,95.0,93.0,94.0,95.0,92.0,92.0,92.0,95.0,95.0,94.0,92.0,92.0,92.0,90.0,94.0,93.0,90.0,92.0,92.0,92.0,90.0,90.0,92.0,90.0,90.0,93.0,94.0,92.0,94.0,91.0,92.0,93.0,92.0,93.0,92.0,94.0,92.0,92.0,92.0,91.0,94.0,91.0,92.0,94.0,91.0,94.0,92.0,90.0,91.0,90.0,94.0,91.0,94.0,94.0,92.0,92.0,90.0,92.0,94.0,93.0,91.0,91.0,90.0,90.0,93.0,95.0,92.0,90.0,93.0,90.0,96.0,94.0,94.0,93.0,92.0,91.0,95.0,92.0,92.0,90.0,91.0,94.0,93.0,90.0,90.0,92.0,91.0,92.0,93.0,91.0,90.0,91.0,95.0,91.0,2016-02-01
14,2016-03-01,97.0,98.0,99.0,98.0,96.0,99.0,97.0,96.0,100.5,99.0,98.0,97.0,98.0,96.0,98.0,99.0,100.0,100.0,96.0,99.0,101.0,98.0,99.0,99.0,100.0,99.0,96.0,97.0,98.0,98.0,97.0,98.0,99.0,99.0,100.0,100.0,97.0,98.0,97.0,100.0,100.0,99.0,96.0,96.0,97.0,99.0,97.0,101.0,98.0,97.0,96.0,99.0,101.0,98.0,99.0,101.0,98.0,98.0,98.0,102.0,100.0,101.0,99.0,99.0,98.0,97.0,99.0,98.0,96.0,98.0,99.0,99.0,96.0,97.0,98.0,97.0,96.0,99.0,101.0,99.0,99.0,98.0,99.0,98.0,98.0,99.0,97.0,100.0,99.0,97.0,98.0,97.0,98.0,97.0,98.0,98.0,98.0,99.0,98.0,96.0,97.0,96.0,100.0,97.0,99.0,99.0,98.0,97.0,97.0,97.0,98.0,98.0,97.0,97.0,97.0,97.0,98.0,99.0,98.0,96.0,99.5,96.0,99.0,98.0,100.0,98.0,99.0,97.0,100.0,98.0,98.0,96.0,98.0,100.0,100.0,97.0,96.0,99.0,97.0,98.0,98.0,97.0,96.0,97.0,101.0,97.0,2016-03-01
15,2016-04-01,104.0,105.0,107.0,105.0,104.0,106.0,104.0,104.0,107.5,106.0,105.0,105.0,107.0,103.0,105.0,106.0,108.0,107.0,104.0,106.0,107.0,106.0,106.0,106.0,106.0,106.0,104.0,104.0,105.0,106.0,103.0,105.0,106.0,106.0,106.0,106.0,104.0,105.0,104.0,106.0,106.0,105.0,104.0,104.0,104.0,106.0,105.0,107.0,105.0,104.0,104.0,106.0,107.0,105.0,107.0,108.0,105.0,105.0,105.0,108.0,108.0,107.0,105.0,106.0,105.0,104.0,106.0,105.0,103.5,105.0,106.0,106.0,104.0,104.0,105.0,104.0,104.0,106.0,107.0,105.0,107.0,105.0,105.0,105.0,106.0,106.0,105.0,107.0,105.0,105.0,105.0,105.0,106.0,105.0,105.0,106.0,105.0,106.0,104.0,104.0,104.0,103.0,107.0,104.0,107.0,107.0,106.0,104.0,104.0,105.0,106.0,105.0,104.0,104.0,103.0,104.0,105.0,107.0,105.0,103.0,106.5,104.0,107.0,106.0,106.0,106.0,105.0,104.0,107.0,105.0,105.0,104.0,105.0,106.0,106.0,104.0,104.0,106.0,105.0,106.0,105.0,104.0,104.0,104.0,107.0,104.0,2016-04-01
16,2016-05-01,107.0,108.0,110.0,108.0,106.0,108.0,107.0,106.0,110.0,108.0,107.0,108.0,109.0,106.0,108.0,108.0,110.0,111.0,107.0,109.0,110.0,107.0,108.0,108.0,109.0,109.0,107.0,107.0,108.0,109.0,107.0,108.0,109.0,107.0,109.0,111.0,107.0,108.0,107.0,109.0,108.0,108.0,107.0,106.0,108.0,108.0,107.0,110.0,108.0,107.0,106.0,110.0,110.0,108.0,110.0,110.0,108.0,108.0,108.0,110.0,110.0,110.0,108.0,107.0,108.0,107.0,109.0,108.0,106.0,108.0,108.0,107.0,107.0,107.0,107.0,107.0,107.0,108.0,110.0,108.0,109.0,108.0,107.0,109.0,107.0,108.0,108.0,109.0,107.0,108.0,108.0,107.0,109.0,108.0,108.0,109.0,108.0,110.0,107.0,107.0,107.0,106.0,110.0,107.0,110.0,109.0,108.0,107.0,107.0,108.0,109.0,109.0,107.0,107.0,107.0,107.0,108.0,110.0,108.0,106.0,108.5,106.0,110.0,109.0,109.0,109.0,108.0,107.0,110.0,108.0,108.0,107.0,107.0,109.0,108.0,107.0,106.0,107.0,108.0,108.0,109.0,107.0,107.0,107.0,110.0,107.0,2016-05-01
17,2016-06-01,107.0,106.0,109.0,106.0,105.0,107.0,106.0,105.0,108.5,106.0,107.0,107.0,108.0,105.0,107.0,107.0,109.0,110.0,105.0,109.0,108.0,106.0,108.0,107.0,108.0,107.0,105.0,106.0,106.0,108.0,106.0,108.0,107.0,107.0,107.0,109.0,106.0,107.0,106.0,107.0,108.0,107.0,106.0,105.0,106.0,107.0,106.0,108.0,106.0,106.0,105.0,109.0,108.0,107.0,108.0,110.0,107.0,108.0,107.0,109.0,108.0,108.0,106.0,107.0,107.0,106.0,108.0,107.0,105.0,107.0,107.0,106.0,105.0,106.0,106.0,106.0,106.0,107.0,108.0,107.0,107.0,106.0,107.0,107.0,106.0,106.5,106.0,108.0,107.0,108.0,107.0,106.0,108.0,106.0,107.0,108.0,106.0,108.0,107.0,105.0,105.0,105.0,108.0,106.0,108.0,108.0,106.0,106.0,106.0,107.0,108.0,107.0,106.0,106.0,106.0,106.0,107.0,109.0,107.0,105.0,107.0,106.0,109.0,108.0,108.0,107.0,107.0,105.0,108.0,106.0,106.0,105.0,107.0,107.0,107.0,106.0,105.0,107.0,106.0,106.0,108.0,106.0,106.0,107.0,108.0,106.0,2016-06-01
18,2016-07-01,104.0,105.0,105.0,105.0,105.0,105.0,104.0,105.0,105.0,105.0,105.0,105.0,104.0,104.0,104.0,104.0,105.0,105.0,104.0,105.0,105.0,105.0,105.0,105.0,105.0,105.0,105.0,105.0,105.0,105.0,105.0,105.0,105.0,104.0,105.0,105.0,105.0,104.0,104.0,105.0,105.0,105.0,106.0,105.0,104.0,105.0,104.0,105.0,105.0,104.0,105.0,105.0,105.0,104.0,105.0,105.0,104.0,104.0,104.0,105.0,105.0,105.0,105.0,104.0,105.0,105.0,105.0,105.0,105.0,104.0,105.0,105.0,105.0,105.0,105.0,104.0,105.0,105.0,105.0,104.0,104.0,105.0,104.0,104.0,105.0,105.0,105.0,105.0,105.0,104.0,105.0,105.0,104.0,105.0,105.0,104.0,105.0,105.0,105.0,104.0,105.0,104.0,105.0,105.0,104.0,105.0,105.0,104.0,104.0,104.0,105.0,104.0,104.0,104.0,104.0,104.0,104.0,105.0,105.0,104.0,105.0,104.0,105.0,104.0,105.0,105.0,104.0,105.0,105.0,105.0,105.0,104.0,104.0,105.0,105.0,104.0,105.0,105.0,104.0,105.0,105.0,104.0,105.0,104.0,105.0,104.0,2016-07-01
19,2016-08-01,109.0,109.0,110.0,109.0,108.0,108.0,109.0,109.0,109.0,108.0,108.0,109.0,109.0,109.0,108.0,108.0,108.0,109.0,108.0,109.0,109.0,108.0,109.0,108.0,109.0,110.0,108.0,108.0,109.0,109.0,108.0,109.0,109.0,108.0,107.0,109.0,108.0,109.0,109.0,110.0,109.0,109.0,109.0,108.0,109.0,108.0,108.0,109.0,110.0,109.0,109.0,110.0,109.0,108.0,110.0,108.0,108.0,109.0,108.0,108.0,109.0,109.0,108.0,108.0,109.0,108.0,109.0,110.0,108.5,109.0,108.0,108.0,109.0,108.0,109.0,109.0,109.0,109.0,110.0,109.0,109.0,109.0,109.0,109.0,108.0,108.5,108.0,108.0,110.0,108.0,109.0,109.0,109.0,109.0,110.0,108.0,109.0,108.0,108.0,109.0,108.0,108.0,109.0,108.0,109.0,109.0,108.0,109.0,107.0,109.0,109.0,108.0,108.0,108.0,108.0,108.0,109.0,109.0,109.0,108.0,108.0,108.0,109.0,108.0,110.0,109.0,109.0,109.0,109.0,109.0,109.0,109.0,108.0,109.0,108.0,108.0,109.0,109.0,108.0,108.0,109.0,108.0,108.0,108.0,109.0,109.0,2016-08-01
20,2016-09-01,105.0,106.0,104.0,105.0,106.0,107.0,106.0,105.0,105.5,105.0,104.0,105.0,105.0,107.0,105.0,106.0,106.0,105.0,105.0,105.0,105.0,106.0,107.0,104.0,106.0,107.0,104.0,105.0,105.0,105.0,106.0,105.0,106.0,106.0,106.0,104.0,106.0,106.0,107.0,105.0,107.0,106.0,105.0,106.0,107.0,106.0,105.0,107.0,107.0,106.0,106.0,105.0,107.0,105.0,105.0,106.0,105.0,105.0,105.0,106.0,106.0,106.0,106.0,106.0,108.0,105.0,105.0,106.0,106.0,104.0,106.0,107.0,106.0,105.0,106.0,107.0,105.0,107.0,107.0,106.0,104.0,106.0,106.0,106.0,106.0,106.5,105.0,105.0,108.0,107.0,106.0,105.0,106.0,105.0,106.0,106.0,106.0,104.0,106.0,105.0,104.0,105.0,106.0,105.0,105.0,105.0,105.0,105.0,105.0,106.0,104.0,107.0,105.0,106.0,105.0,105.0,105.0,105.0,106.0,106.0,106.5,107.0,104.0,106.0,107.0,105.0,106.0,105.0,105.0,105.0,106.0,107.0,105.0,105.0,106.0,105.0,105.0,106.0,106.0,106.0,104.0,106.0,105.0,107.0,106.0,105.0,2016-09-01
21,2016-10-01,104.0,105.0,104.0,105.0,106.0,104.0,105.0,105.0,105.0,104.0,104.0,104.0,104.0,105.0,105.0,104.0,104.0,104.0,105.0,104.0,104.0,104.0,105.0,104.0,105.0,105.0,105.0,105.0,105.0,104.0,105.0,104.0,105.0,104.0,104.0,104.0,105.0,105.0,105.0,104.0,105.0,104.0,106.0,106.0,105.0,105.0,105.0,105.0,105.0,105.0,106.0,104.0,105.0,105.0,104.0,105.0,105.0,104.0,105.0,105.0,105.0,105.0,105.0,105.0,105.0,105.0,104.0,104.0,106.0,105.0,105.0,104.0,106.0,105.0,104.0,105.0,106.0,105.0,105.0,105.0,104.0,105.0,105.0,105.0,104.0,105.0,105.0,105.0,105.0,105.0,105.0,105.0,105.0,105.0,105.0,105.0,105.0,104.0,105.0,105.0,105.0,106.0,105.0,105.0,104.0,104.0,105.0,104.0,105.0,105.0,104.0,105.0,105.0,105.0,105.0,105.0,105.0,104.0,105.0,105.0,105.0,105.0,104.0,105.0,105.0,104.0,105.0,106.0,104.0,104.0,105.0,105.0,105.0,105.0,105.0,105.0,106.0,104.0,105.0,104.0,104.0,105.0,106.0,105.0,105.0,105.0,2016-10-01
22,2016-11-01,94.0,95.0,95.0,95.0,94.0,95.0,94.0,95.0,95.0,94.0,94.0,95.0,95.0,94.0,93.0,95.0,96.0,95.0,94.0,95.0,95.0,95.0,95.0,94.0,95.0,95.0,95.0,94.0,95.0,94.0,94.0,95.0,95.0,95.0,95.0,95.0,94.0,94.0,94.0,95.0,95.0,95.0,94.0,94.0,94.0,95.0,95.0,96.0,96.0,94.0,94.0,95.0,95.0,93.0,95.0,96.0,94.0,94.0,93.0,96.0,95.0,95.0,95.0,96.0,96.0,93.0,95.0,95.0,94.0,95.0,94.0,95.0,94.0,94.0,96.0,94.0,94.0,95.0,95.0,95.0,95.0,96.0,96.0,94.0,94.0,95.0,95.0,96.0,96.0,93.0,95.0,95.0,95.0,95.0,95.0,95.0,96.0,95.0,93.0,96.0,95.0,94.0,95.0,93.0,95.0,95.0,96.0,95.0,94.0,94.0,95.0,94.0,93.0,94.0,94.0,94.0,95.0,95.0,96.0,95.0,95.0,95.0,95.0,94.0,95.0,95.0,95.0,96.0,95.0,95.0,95.0,94.0,93.0,95.0,95.0,94.0,94.0,95.0,94.0,95.0,95.0,93.0,94.0,94.0,95.0,95.0,2016-11-01
23,2016-12-01,87.0,88.0,88.0,88.0,89.0,87.0,88.0,88.0,88.0,87.0,87.0,88.0,88.0,88.0,88.0,87.0,89.0,88.0,88.0,88.0,88.0,88.0,87.0,87.0,88.0,87.0,88.0,88.0,88.0,88.0,88.0,87.0,88.0,88.0,88.0,88.0,88.0,87.0,87.0,88.0,88.0,87.0,88.0,89.0,87.0,88.0,89.0,89.0,88.0,88.0,89.0,88.0,88.0,88.0,88.0,88.0,87.0,87.0,87.0,89.0,89.0,88.0,88.0,88.0,87.0,88.0,88.0,88.0,88.5,87.0,87.0,88.0,89.0,88.0,89.0,88.0,88.0,88.0,88.0,88.0,88.0,89.0,88.0,87.0,87.0,87.0,88.0,88.0,88.0,87.0,88.0,88.0,88.0,88.0,87.0,88.0,89.0,88.0,88.0,89.0,89.0,88.0,88.0,87.0,88.0,88.0,88.0,87.0,88.0,87.0,88.0,88.0,87.0,87.0,87.0,87.0,87.0,88.0,88.0,88.0,88.0,88.0,88.0,88.0,88.0,88.0,88.0,89.0,88.0,88.0,88.0,88.0,87.0,88.0,88.0,87.0,89.0,88.0,87.0,88.0,88.0,88.0,88.0,87.0,88.0,87.0,2016-12-01
24,2017-01-01,91.0,91.0,93.0,91.0,90.0,91.0,90.0,90.0,92.0,90.0,90.0,91.0,93.0,90.0,91.0,91.0,93.0,94.0,90.0,93.0,91.0,91.0,91.0,90.0,92.0,91.0,91.0,90.0,91.0,92.0,90.0,92.0,91.0,91.0,91.0,93.0,90.0,91.0,90.0,92.0,91.0,90.0,91.0,90.0,91.0,91.0,91.0,92.0,91.0,90.0,91.0,92.0,92.0,91.0,93.0,92.0,91.0,92.0,91.0,92.0,92.0,92.0,91.0,91.0,91.0,91.0,93.0,91.0,90.0,92.0,91.0,91.0,91.0,91.0,91.0,90.0,91.0,91.0,92.0,91.0,93.0,91.0,91.0,92.0,91.0,91.0,91.0,92.0,91.0,91.0,91.0,91.0,92.0,91.0,91.0,93.0,91.0,93.0,91.0,91.0,91.0,90.0,92.0,91.0,93.0,93.0,91.0,91.0,90.0,91.0,93.0,92.0,91.0,91.0,90.0,90.0,92.0,93.0,91.0,90.0,91.5,90.0,93.0,93.0,91.0,92.0,91.0,91.0,92.0,91.0,91.0,90.0,91.0,91.0,91.0,91.0,90.0,91.0,91.0,91.0,93.0,91.0,91.0,91.0,92.0,91.0,2017-01-01
25,2017-02-01,96.0,97.0,95.0,97.0,97.0,97.0,97.0,97.0,96.0,97.0,97.0,97.0,96.0,97.0,96.0,98.0,97.0,96.0,97.0,96.0,97.0,98.0,97.0,97.0,96.0,97.0,98.0,97.0,97.0,96.0,96.0,96.0,97.0,98.0,97.0,96.0,97.0,96.0,96.0,96.0,97.0,97.0,97.0,97.0,96.0,98.0,98.0,97.0,99.0,97.0,97.0,96.0,97.0,96.0,96.0,96.0,96.0,96.0,96.0,97.0,97.0,97.0,97.0,98.0,97.0,97.0,96.0,96.0,97.0,97.0,97.0,98.0,97.0,97.0,99.0,96.0,97.0,97.0,97.0,98.0,96.0,98.0,98.0,96.0,98.0,97.0,97.0,97.0,98.0,96.0,98.0,97.0,96.0,97.0,96.0,96.0,98.0,96.0,96.0,98.0,98.0,97.0,97.0,97.0,96.0,96.0,97.0,96.0,96.0,96.0,96.0,96.0,96.0,96.0,96.0,96.0,96.0,96.0,98.0,97.0,97.5,96.0,96.0,96.0,97.0,96.0,98.0,98.0,97.0,97.0,97.0,97.0,96.0,97.0,97.0,97.0,97.0,98.0,96.0,98.0,96.0,96.0,97.0,96.0,97.0,96.0,2017-02-01
26,2017-03-01,107.0,108.0,108.0,108.0,105.0,107.0,107.0,106.0,108.5,107.0,107.0,108.0,108.0,106.0,107.0,107.0,108.0,109.0,106.0,108.0,108.0,106.0,108.0,107.0,109.0,108.0,107.0,106.0,108.0,107.0,106.0,108.0,108.0,107.0,107.0,109.0,105.0,107.0,107.0,108.0,108.0,108.0,105.0,106.0,107.0,107.0,108.0,108.0,108.0,107.0,105.0,109.0,108.0,107.0,109.0,109.0,107.0,107.0,106.0,109.0,108.0,107.0,108.0,108.0,108.0,106.0,108.0,108.0,106.0,108.0,107.0,107.0,106.0,106.0,107.0,106.0,106.0,107.0,108.0,108.0,108.0,108.0,108.0,107.0,106.0,107.5,108.0,107.0,108.0,107.0,108.0,107.0,108.0,108.0,108.0,108.0,108.0,108.0,106.0,107.0,108.0,106.0,108.0,106.0,108.0,108.0,108.0,107.0,106.0,107.0,108.0,107.0,106.0,107.0,106.0,106.0,108.0,108.0,108.0,106.0,107.0,107.0,108.0,108.0,108.0,108.0,108.0,107.0,108.0,108.0,108.0,106.0,107.0,108.0,107.0,106.0,106.0,107.0,107.0,107.0,108.0,106.0,106.0,107.0,107.0,107.0,2017-03-01
27,2017-04-01,114.0,115.0,115.0,115.0,114.0,115.0,114.0,114.0,116.0,115.0,115.0,114.0,116.0,114.0,115.0,115.0,116.0,116.0,114.0,116.0,116.0,114.0,115.0,115.0,116.0,115.0,114.0,114.0,115.0,115.0,114.0,115.0,115.0,114.0,115.0,116.0,114.0,115.0,114.0,116.0,116.0,115.0,114.0,114.0,114.0,115.0,115.0,116.0,115.0,114.0,114.0,116.0,116.0,115.0,116.0,116.0,115.0,115.0,114.0,116.0,116.0,116.0,115.0,114.0,115.0,113.0,115.0,115.0,114.0,115.0,115.0,115.0,114.0,114.0,114.0,114.0,114.0,115.0,116.0,115.0,116.0,115.0,114.0,115.0,115.0,115.0,115.0,116.0,115.0,115.0,115.0,114.0,116.0,115.0,115.0,115.0,115.0,116.0,114.0,114.0,115.0,114.0,116.0,114.0,116.0,116.0,115.0,115.0,114.0,115.0,115.0,115.0,115.0,114.0,114.0,114.0,115.0,116.0,115.0,114.0,115.5,114.0,116.0,115.0,116.0,115.0,115.0,115.0,116.0,115.0,115.0,114.0,114.0,115.0,115.0,114.0,114.0,115.0,115.0,115.0,115.0,114.0,114.0,114.0,116.0,115.0,2017-04-01
28,2017-05-01,113.0,113.0,115.0,114.0,111.0,114.0,112.0,112.0,115.0,114.0,113.0,113.0,115.0,111.0,114.0,114.0,115.0,116.0,112.0,115.0,115.0,113.0,114.0,114.0,115.0,114.0,113.0,112.0,114.0,114.0,112.0,114.0,114.0,113.0,114.0,115.0,112.0,113.0,113.0,115.0,115.0,114.0,112.0,112.0,113.0,114.0,113.0,115.0,113.0,112.0,112.0,115.0,115.0,113.0,115.0,115.0,114.0,114.0,113.0,115.0,115.0,115.0,113.0,114.0,114.0,112.0,115.0,114.0,111.0,114.0,114.0,114.0,112.0,112.0,113.0,112.0,112.0,114.0,115.0,114.0,115.0,113.0,113.0,114.0,113.0,114.0,113.0,115.0,114.0,113.0,113.0,113.0,114.0,113.0,114.0,114.0,113.0,115.0,113.0,112.0,113.0,111.0,115.0,113.0,115.0,115.0,114.0,113.0,112.0,113.0,115.0,114.0,113.0,113.0,112.0,112.0,114.0,115.0,113.0,112.0,114.0,112.0,115.0,114.0,115.0,115.0,113.0,113.0,115.0,113.0,114.0,111.0,113.0,115.0,114.0,112.0,111.0,113.0,113.0,114.0,114.0,113.0,112.0,113.0,115.0,113.0,2017-05-01
29,2017-06-01,111.0,111.0,113.0,111.0,110.0,111.0,110.0,109.0,112.5,111.0,110.0,111.0,112.0,110.0,112.0,111.0,112.0,113.0,110.0,113.0,112.0,110.0,111.0,111.0,111.0,111.0,110.0,110.0,111.0,112.0,111.0,111.0,111.0,110.0,111.0,113.0,111.0,112.0,111.0,111.0,111.0,111.0,110.0,110.0,110.0,111.0,110.0,112.0,110.0,110.0,110.0,113.0,112.0,112.0,112.0,112.0,112.0,111.0,111.0,112.0,112.0,112.0,111.0,110.0,111.0,111.0,112.0,111.0,109.5,111.0,111.0,110.0,110.0,111.0,110.0,110.0,110.0,111.0,112.0,111.0,112.0,110.0,110.0,112.0,110.0,111.0,111.0,111.0,110.0,111.0,111.0,110.0,112.0,110.0,111.0,112.0,110.0,112.0,111.0,109.0,110.0,110.0,112.0,111.0,112.0,112.0,111.0,111.0,110.0,111.0,111.0,112.0,111.0,111.0,111.0,111.0,111.0,113.0,111.0,110.0,111.0,110.0,113.0,112.0,111.0,111.0,111.0,110.0,112.0,111.0,111.0,110.0,111.0,111.0,111.0,111.0,110.0,110.0,111.0,110.0,111.0,111.0,110.0,111.0,112.0,111.0,2017-06-01
30,2017-07-01,108.0,106.0,108.0,107.0,107.0,107.0,107.0,107.0,108.0,108.0,108.0,107.0,107.0,108.0,108.0,108.0,110.0,109.0,107.0,110.0,107.0,107.0,108.0,108.0,107.0,107.0,107.0,107.0,106.0,107.0,107.0,108.0,107.0,107.0,107.0,108.0,107.0,109.0,108.0,108.0,107.0,106.0,108.0,107.0,108.0,107.0,107.0,108.0,108.0,107.0,107.0,108.0,108.0,108.0,109.0,108.0,107.0,107.0,107.0,108.0,109.0,108.0,108.0,107.0,108.0,107.0,107.0,107.0,107.0,107.0,108.0,107.0,107.0,107.0,107.0,107.0,107.0,108.0,109.0,107.0,109.0,107.0,107.0,109.0,107.0,107.0,107.0,109.0,108.0,107.0,107.0,106.0,108.0,107.0,107.0,109.0,107.0,109.0,107.0,107.0,108.0,107.0,108.0,107.0,109.0,108.0,107.0,107.0,107.0,108.0,108.0,108.0,107.0,108.0,107.0,107.0,108.0,108.0,106.0,107.0,108.0,107.0,110.0,108.0,107.0,108.0,107.0,107.0,108.0,107.0,107.0,108.0,107.0,107.0,107.0,107.0,107.0,107.0,107.0,107.0,108.0,107.0,108.0,107.0,108.0,107.0,2017-07-01
31,2017-08-01,106.0,105.0,107.0,106.0,107.0,106.0,106.0,106.0,106.0,106.0,105.0,106.0,106.0,107.0,106.0,105.0,107.0,106.0,106.0,107.0,105.0,106.0,107.0,105.0,105.0,106.0,106.0,107.0,105.0,106.0,106.0,106.0,105.0,107.0,106.0,106.0,106.0,106.0,106.0,105.0,105.0,106.0,107.0,107.0,106.0,107.0,107.0,106.0,107.0,106.0,107.0,106.0,107.0,106.0,106.0,105.0,106.0,106.0,106.0,105.0,106.0,106.0,107.0,106.0,107.0,106.0,106.0,105.0,107.0,106.0,105.0,106.0,107.0,106.0,106.0,106.0,107.0,106.0,106.0,106.0,107.0,106.0,106.0,106.0,105.0,105.5,106.0,107.0,107.0,106.0,106.0,106.0,106.0,106.0,106.0,106.0,107.0,106.0,106.0,107.0,107.0,107.0,106.0,106.0,106.0,106.0,105.0,105.0,106.0,106.0,106.0,107.0,106.0,106.0,106.0,106.0,106.0,105.0,106.0,107.0,106.5,107.0,106.0,107.0,105.0,105.0,106.0,106.0,106.0,106.0,106.0,106.0,106.0,105.0,106.0,106.0,107.0,106.0,106.0,107.0,106.0,106.0,106.0,106.0,106.0,105.0,2017-08-01
32,2017-09-01,104.0,104.0,105.0,105.0,105.0,104.0,105.0,105.0,105.5,103.0,104.0,105.0,105.0,105.0,105.0,104.0,106.0,106.0,104.0,105.0,105.0,104.0,105.0,104.0,105.0,105.0,105.0,104.0,104.0,105.0,104.0,105.0,104.0,104.0,104.0,105.0,104.0,105.0,105.0,105.0,105.0,104.0,105.0,104.0,105.0,104.0,105.0,106.0,105.0,105.0,105.0,105.0,106.0,104.0,105.0,106.0,104.0,105.0,104.0,105.0,106.0,105.0,105.0,104.0,105.0,104.0,105.0,105.0,104.0,106.0,104.0,104.0,104.0,104.0,103.0,104.0,106.0,105.0,106.0,105.0,105.0,104.0,104.0,105.0,104.0,104.0,105.0,106.0,105.0,105.0,105.0,105.0,105.0,105.0,105.0,105.0,105.0,105.0,105.0,105.0,105.0,104.0,105.0,104.0,105.0,105.0,104.0,105.0,104.0,105.0,105.0,105.0,104.0,105.0,104.0,104.0,106.0,105.0,104.0,105.0,105.0,105.0,105.0,105.0,105.0,106.0,104.0,105.0,105.0,105.0,105.0,105.0,104.0,105.0,105.0,104.0,104.0,104.0,105.0,104.0,105.0,105.0,104.0,105.0,106.0,104.0,2017-09-01
33,2017-10-01,104.0,104.0,105.0,104.0,103.0,104.0,104.0,103.0,105.0,103.0,103.0,104.0,105.0,103.0,105.0,104.0,105.0,106.0,103.0,104.0,105.0,103.0,104.0,104.0,105.0,104.0,104.0,104.0,104.0,104.0,104.0,104.0,104.0,104.0,104.0,105.0,104.0,104.0,104.0,104.0,104.0,103.0,104.0,103.0,104.0,104.0,104.0,105.0,104.0,104.0,104.0,105.0,105.0,104.0,104.0,105.0,104.0,104.0,104.0,105.0,105.0,104.0,104.0,104.0,104.0,104.0,104.0,104.0,103.0,103.0,104.0,104.0,103.0,105.0,104.0,103.0,104.0,104.0,104.0,104.0,104.0,103.0,104.0,105.0,103.0,103.0,104.0,105.0,104.0,103.0,103.0,104.0,105.0,104.0,104.0,104.0,104.0,104.0,104.0,103.0,104.0,103.0,105.0,104.0,104.0,105.0,104.0,104.0,104.0,104.0,104.0,104.0,104.0,104.0,104.0,104.0,104.0,105.0,104.0,104.0,104.0,104.0,105.0,105.0,104.0,104.0,104.0,104.0,104.0,104.0,104.0,103.0,103.0,104.0,104.0,104.0,103.0,104.0,104.0,104.0,104.0,104.0,104.0,104.0,105.0,104.0,2017-10-01
34,2017-11-01,100.0,101.0,102.0,101.0,101.0,100.0,100.0,100.0,102.0,100.0,100.0,101.0,101.0,100.0,101.0,100.0,101.0,102.0,100.0,102.0,101.0,100.0,101.0,100.0,101.0,101.0,100.0,101.0,101.0,101.0,100.0,101.0,101.0,100.0,100.0,102.0,100.0,101.0,100.0,101.0,101.0,101.0,101.0,100.0,100.0,100.0,101.0,101.0,100.0,100.0,101.0,102.0,101.0,101.0,101.0,102.0,101.0,101.0,100.0,101.0,101.0,101.0,101.0,100.0,101.0,100.0,101.0,101.0,100.0,101.0,100.0,100.0,100.0,100.0,100.0,100.0,101.0,100.0,101.0,100.0,101.0,100.0,100.0,101.0,100.0,100.5,101.0,101.0,100.0,100.0,101.0,101.0,101.0,101.0,101.0,101.0,101.0,101.0,100.0,100.0,100.0,100.0,101.0,100.0,101.0,101.0,101.0,100.0,100.0,100.0,101.0,101.0,100.0,100.0,100.0,101.0,101.0,102.0,100.0,100.0,100.0,100.0,102.0,101.0,101.0,101.0,101.0,100.0,101.0,101.0,101.0,100.0,100.0,101.0,100.0,100.0,101.0,100.0,100.0,100.0,101.0,100.0,101.0,100.0,101.0,100.0,2017-11-01
35,2017-12-01,91.0,91.0,91.0,91.0,92.0,92.0,91.0,92.0,91.5,91.0,92.0,91.0,91.0,92.0,91.0,92.0,92.0,92.0,91.0,92.0,92.0,92.0,91.0,91.0,91.0,91.0,92.0,91.0,91.0,91.0,90.0,91.0,91.0,93.0,92.0,91.0,90.0,91.0,90.0,91.0,92.0,91.0,91.0,91.0,91.0,92.0,92.0,92.0,92.0,91.0,91.0,91.0,92.0,90.0,92.0,91.0,91.0,91.0,91.0,92.0,91.0,92.0,92.0,92.0,91.0,90.0,91.0,91.0,92.0,91.0,92.0,92.0,91.0,91.0,93.0,91.0,91.0,92.0,92.0,92.0,92.0,92.0,92.0,91.0,92.0,91.5,92.0,92.0,92.0,91.0,92.0,92.0,91.0,92.0,91.0,91.0,92.0,91.0,91.0,92.0,92.0,91.0,92.0,91.0,92.0,92.0,92.0,91.0,91.0,91.0,91.0,91.0,91.0,90.0,90.0,90.0,91.0,91.0,92.0,91.0,92.0,91.0,92.0,91.0,91.0,91.0,92.0,92.0,92.0,91.0,91.0,92.0,91.0,91.0,91.0,90.0,92.0,93.0,90.0,93.0,91.0,91.0,91.0,90.0,92.0,91.0,2017-12-01
36,2018-01-01,95.0,96.0,97.0,96.0,95.0,96.0,95.0,95.0,97.0,96.0,96.0,96.0,97.0,95.0,95.0,96.0,97.0,97.0,95.0,97.0,97.0,96.0,96.0,96.0,96.0,96.0,95.0,95.0,96.0,96.0,95.0,96.0,96.0,96.0,96.0,97.0,95.0,96.0,95.0,96.0,96.0,96.0,95.0,95.0,95.0,96.0,96.0,97.0,96.0,95.0,95.0,97.0,97.0,95.0,97.0,97.0,95.0,96.0,95.0,97.0,97.0,97.0,96.0,96.0,96.0,95.0,96.0,96.0,95.0,96.0,96.0,96.0,95.0,95.0,96.0,95.0,95.0,96.0,96.0,96.0,97.0,96.0,96.0,96.0,96.0,96.0,96.0,96.0,96.0,95.0,96.0,96.0,96.0,96.0,96.0,96.0,96.0,97.0,95.0,96.0,96.0,95.0,96.0,95.0,97.0,97.0,96.0,96.0,95.0,96.0,96.0,96.0,95.0,95.0,95.0,95.0,96.0,97.0,96.0,95.0,96.0,95.0,97.0,96.0,96.0,96.0,96.0,96.0,97.0,96.0,96.0,95.0,95.0,96.0,96.0,95.0,95.0,96.0,95.0,96.0,96.0,95.0,95.0,95.0,97.0,96.0,2018-01-01
37,2018-02-01,98.0,98.0,101.0,98.0,96.0,99.0,97.0,96.0,100.0,98.0,98.0,98.0,101.0,96.0,99.0,99.0,100.0,102.0,97.0,101.0,100.0,99.0,99.0,99.0,100.0,99.0,97.0,97.0,98.0,100.0,98.0,100.0,99.0,99.0,99.0,101.0,97.0,100.0,98.0,100.0,99.0,98.0,97.0,97.0,98.0,99.0,98.0,100.0,98.0,97.0,97.0,101.0,100.0,99.0,101.0,100.0,99.0,100.0,99.0,100.0,100.0,99.0,98.0,99.0,99.0,98.0,100.0,99.0,96.0,99.0,99.0,99.0,97.0,98.0,98.0,97.0,97.0,99.0,99.0,99.0,101.0,97.0,98.0,100.0,98.0,99.0,98.0,100.0,98.0,99.0,98.0,98.0,100.0,98.0,99.0,101.0,98.0,101.0,99.0,97.0,97.0,96.0,100.0,98.0,101.0,100.0,98.0,99.0,97.0,99.0,100.0,100.0,98.0,98.0,97.0,98.0,99.0,101.0,97.0,97.0,99.0,97.0,102.0,101.0,99.0,100.0,98.0,97.0,100.0,99.0,98.0,97.0,99.0,99.0,98.0,98.0,97.0,98.0,99.0,99.0,100.0,98.0,98.0,98.0,100.0,98.0,2018-02-01
38,2018-03-01,105.0,106.0,108.0,105.0,104.0,106.0,104.0,105.0,107.0,105.0,105.0,105.0,106.0,104.0,105.0,106.0,108.0,108.0,104.0,108.0,107.0,105.0,106.0,105.0,107.0,106.0,105.0,105.0,105.0,106.0,104.0,106.0,106.0,105.0,106.0,108.0,105.0,106.0,105.0,107.0,106.0,106.0,105.0,105.0,105.0,106.0,106.0,107.0,105.0,104.0,105.0,108.0,107.0,106.0,107.0,107.0,105.0,106.0,106.0,107.0,107.0,107.0,106.0,105.0,106.0,105.0,107.0,106.0,104.0,106.0,106.0,105.0,105.0,105.0,105.0,104.0,105.0,106.0,106.0,105.0,107.0,105.0,105.0,106.0,105.0,106.0,105.0,107.0,105.0,105.0,106.0,105.0,106.0,106.0,106.0,107.0,106.0,107.0,106.0,105.0,105.0,104.0,107.0,105.0,108.0,107.0,106.0,105.0,104.0,106.0,107.0,106.0,104.0,104.0,104.0,104.0,106.0,108.0,105.0,104.0,106.0,104.0,108.0,106.0,106.0,106.0,105.0,105.0,107.0,105.0,106.0,104.0,105.0,106.0,106.0,104.0,105.0,105.0,105.0,106.0,106.0,105.0,105.0,105.0,107.0,104.0,2018-03-01
39,2018-04-01,115.0,116.0,115.0,116.0,114.0,117.0,115.0,115.0,116.0,117.0,117.0,115.0,115.0,114.0,115.0,116.0,117.0,115.0,115.0,115.0,116.0,117.0,116.0,117.0,116.0,116.0,115.0,115.0,116.0,115.0,114.0,115.0,116.0,117.0,117.0,115.0,114.0,115.0,115.0,115.0,116.0,116.0,115.0,115.0,115.0,117.0,115.0,116.0,116.0,115.0,115.0,116.0,116.0,115.0,116.0,117.0,115.0,115.0,115.0,117.0,116.0,117.0,116.0,116.0,116.0,114.0,115.0,116.0,114.0,115.0,117.0,117.0,115.0,115.0,117.0,115.0,115.0,117.0,116.0,116.0,115.0,116.0,116.0,115.0,117.0,116.5,115.0,117.0,116.0,115.0,116.0,115.0,115.0,115.0,116.0,115.0,116.0,115.0,115.0,115.0,115.0,114.0,116.0,114.0,115.0,116.0,116.0,115.0,114.0,115.0,115.0,115.0,115.0,115.0,114.0,115.0,115.0,115.0,116.0,115.0,117.0,115.0,115.0,115.0,116.0,115.0,116.0,116.0,116.0,115.0,116.0,115.0,115.0,116.0,117.0,115.0,115.0,117.0,115.0,117.0,115.0,115.0,115.0,115.0,117.0,115.0,2018-04-01
40,2018-05-01,120.0,120.0,120.0,120.0,119.0,121.0,120.0,119.0,121.0,121.0,121.0,120.0,121.0,119.0,121.0,121.0,121.0,121.0,120.0,121.0,121.0,121.0,120.0,122.0,121.0,120.0,120.0,120.0,120.0,121.0,119.0,121.0,120.0,121.0,121.0,121.0,120.0,121.0,120.0,121.0,121.0,120.0,120.0,119.0,120.0,121.0,120.0,121.0,120.0,120.0,119.0,121.0,121.0,121.0,121.0,121.0,121.0,121.0,121.0,121.0,121.0,121.0,120.0,121.0,120.0,120.0,120.0,120.0,119.0,120.0,121.0,121.0,119.0,119.0,120.0,119.0,120.0,121.0,121.0,120.0,121.0,120.0,121.0,121.0,120.0,120.5,120.0,121.0,120.0,121.0,120.0,120.0,121.0,120.0,120.0,120.0,120.0,120.0,120.0,120.0,120.0,119.0,121.0,120.0,121.0,121.0,120.0,120.0,120.0,120.0,121.0,121.0,120.0,120.0,120.0,120.0,120.0,121.0,120.0,119.0,120.5,119.0,121.0,121.0,120.0,120.0,120.0,120.0,121.0,120.0,120.0,119.0,120.0,121.0,121.0,120.0,120.0,120.0,120.0,121.0,121.0,120.0,119.0,120.0,121.0,120.0,2018-05-01
41,2018-06-01,113.0,114.0,116.0,113.0,113.0,114.0,113.0,112.0,116.5,113.0,112.0,114.0,114.0,112.0,114.0,114.0,116.0,117.0,113.0,116.0,115.0,112.0,116.0,114.0,115.0,115.0,113.0,113.0,114.0,113.0,113.0,114.0,114.0,113.0,114.0,116.0,112.0,114.0,114.0,114.0,115.0,114.0,112.0,113.0,113.0,113.0,113.0,116.0,113.0,113.0,113.0,116.0,116.0,114.0,115.0,117.0,114.0,114.0,114.0,116.0,116.0,116.0,115.0,113.0,115.0,113.0,114.0,114.0,112.0,114.0,114.0,113.0,113.0,112.0,112.0,113.0,112.0,115.0,116.0,114.0,115.0,112.0,113.0,114.0,113.0,114.5,114.0,113.0,113.0,114.0,113.0,113.0,114.0,114.0,113.0,115.0,112.0,116.0,113.0,113.0,113.0,112.0,116.0,113.0,115.0,114.0,114.0,113.0,113.0,114.0,114.0,114.0,113.0,113.0,113.0,113.0,115.0,115.0,113.0,113.0,114.0,113.0,116.0,115.0,116.0,114.0,113.0,112.0,115.0,114.0,113.0,113.0,114.0,114.0,115.0,113.0,113.0,113.0,113.0,113.0,114.0,113.0,113.0,113.0,116.0,113.0,2018-06-01
42,2018-07-01,111.0,112.0,113.0,111.0,113.0,113.0,111.0,110.0,113.0,112.0,111.0,111.0,111.0,111.0,112.0,111.0,114.0,113.0,111.0,112.0,112.0,112.0,113.0,111.0,112.0,113.0,111.0,112.0,111.0,111.0,111.0,111.0,111.0,113.0,112.0,113.0,112.0,112.0,111.0,112.0,112.0,111.0,112.0,112.0,111.0,112.0,111.0,113.0,113.0,111.0,112.0,113.0,113.0,112.0,112.0,113.0,112.0,111.0,113.0,111.0,114.0,111.0,113.0,111.0,114.0,112.0,111.0,112.0,111.0,111.0,111.0,113.0,113.0,112.0,110.0,111.0,112.0,112.0,113.0,112.0,111.0,112.0,112.0,113.0,112.0,111.0,111.0,111.0,113.0,112.0,112.0,111.0,112.0,111.0,111.0,113.0,112.0,112.0,112.0,111.0,111.0,112.0,112.0,112.0,112.0,111.0,113.0,111.0,111.0,112.0,111.0,114.0,111.0,112.0,111.0,111.0,112.0,113.0,112.0,111.0,112.0,111.0,112.0,114.0,113.0,111.0,111.0,111.0,111.0,111.0,111.0,111.0,111.0,112.0,113.0,111.0,112.0,111.0,112.0,112.0,111.0,112.0,112.0,112.0,111.0,110.0,2018-07-01
43,2018-08-01,111.0,112.0,112.0,112.0,114.0,112.0,112.0,111.0,113.0,111.0,111.0,111.0,111.0,112.0,111.0,111.0,113.0,111.0,112.0,112.0,111.0,112.0,113.0,111.0,111.0,113.0,111.0,112.0,112.0,111.0,113.0,112.0,111.0,113.0,111.0,112.0,113.0,112.0,112.0,112.0,112.0,112.0,112.0,112.0,112.0,112.0,112.0,114.0,113.0,111.0,113.0,112.0,113.0,111.0,113.0,114.0,111.0,111.0,112.0,113.0,114.0,112.0,112.0,112.0,114.0,112.0,112.0,112.0,111.5,111.0,111.0,112.0,113.0,112.0,111.0,111.0,112.0,112.0,112.0,112.0,112.0,112.0,112.0,112.0,113.0,111.5,112.0,112.0,112.0,112.0,112.0,111.0,111.0,112.0,112.0,111.0,112.0,113.0,113.0,111.0,112.0,113.0,112.0,113.0,112.0,112.0,112.0,111.0,111.0,111.0,110.0,112.0,111.0,112.0,111.0,112.0,111.0,111.0,112.0,112.0,112.0,112.0,112.0,112.0,113.0,112.0,111.0,112.0,111.0,111.0,111.0,112.0,111.0,112.0,114.0,111.0,113.0,111.0,111.0,112.0,111.0,112.0,112.0,112.0,112.0,111.0,2018-08-01
44,2018-09-01,111.0,111.0,110.0,111.0,112.0,111.0,110.0,111.0,111.0,110.0,110.0,110.0,111.0,111.0,111.0,111.0,111.0,111.0,111.0,111.0,111.0,111.0,111.0,110.0,111.0,112.0,111.0,111.0,111.0,110.0,110.0,110.0,112.0,111.0,111.0,111.0,111.0,111.0,111.0,111.0,111.0,112.0,111.0,111.0,111.0,111.0,111.0,111.0,111.0,110.0,111.0,111.0,111.0,111.0,111.0,111.0,111.0,110.0,112.0,111.0,111.0,111.0,111.0,111.0,112.0,111.0,111.0,111.0,110.0,110.0,111.0,111.0,111.0,111.0,110.0,110.0,112.0,111.0,111.0,111.0,111.0,111.0,111.0,111.0,110.0,111.0,111.0,111.0,111.0,110.0,111.0,111.0,111.0,111.0,111.0,111.0,111.0,111.0,111.0,111.0,111.0,111.0,112.0,110.0,111.0,111.0,111.0,110.0,110.0,110.0,110.0,111.0,110.0,111.0,110.0,110.0,111.0,110.0,111.0,110.0,111.0,110.0,111.0,111.0,111.0,111.0,111.0,111.0,111.0,111.0,111.0,111.0,111.0,111.0,111.0,110.0,111.0,111.0,111.0,111.0,110.0,110.0,112.0,111.0,111.0,111.0,2018-09-01
45,2018-10-01,102.0,103.0,104.0,103.0,103.0,104.0,102.0,102.0,104.0,103.0,102.0,102.0,103.0,102.0,103.0,103.0,104.0,103.0,102.0,103.0,104.0,103.0,103.0,103.0,104.0,103.0,102.0,103.0,103.0,103.0,103.0,103.0,103.0,103.0,104.0,104.0,103.0,103.0,102.0,104.0,103.0,103.0,103.0,102.0,103.0,104.0,103.0,104.0,103.0,102.0,102.0,104.0,104.0,103.0,104.0,104.0,103.0,103.0,104.0,104.0,104.0,103.0,103.0,102.0,103.0,103.0,104.0,104.0,102.5,103.0,103.0,104.0,102.0,103.0,103.0,102.0,102.0,104.0,104.0,103.0,104.0,103.0,103.0,103.0,103.0,103.0,103.0,104.0,103.0,103.0,103.0,102.0,103.0,102.0,103.0,103.0,103.0,104.0,104.0,103.0,103.0,102.0,104.0,103.0,104.0,104.0,103.0,102.0,102.0,103.0,104.0,104.0,102.0,103.0,102.0,102.0,103.0,104.0,103.0,102.0,104.0,102.0,104.0,104.0,103.0,104.0,103.0,103.0,104.0,103.0,103.0,102.0,103.0,104.0,104.0,103.0,102.0,103.0,103.0,104.0,104.0,103.0,103.0,103.0,103.0,102.0,2018-10-01
46,2018-11-01,92.0,93.0,93.0,93.0,93.0,92.0,92.0,92.0,92.0,91.0,91.0,93.0,92.0,92.0,92.0,92.0,92.0,93.0,92.0,92.0,92.0,93.0,92.0,92.0,92.0,92.0,92.0,93.0,92.0,92.0,92.0,92.0,92.0,93.0,92.0,92.0,92.0,92.0,92.0,92.0,92.0,92.0,92.0,92.0,92.0,92.0,93.0,92.0,93.0,92.0,93.0,92.0,92.0,92.0,93.0,92.0,92.0,92.0,93.0,92.0,92.0,92.0,92.0,92.0,92.0,92.0,93.0,92.0,92.0,92.0,92.0,92.0,93.0,92.0,92.0,92.0,93.0,92.0,92.0,92.0,93.0,93.0,92.0,92.0,93.0,92.0,93.0,92.0,93.0,92.0,93.0,92.0,92.0,92.0,92.0,92.0,94.0,93.0,93.0,93.0,93.0,92.0,92.0,93.0,93.0,93.0,92.0,92.0,92.0,92.0,93.0,93.0,92.0,92.0,92.0,92.0,92.0,93.0,93.0,92.0,92.0,92.0,93.0,92.0,92.0,93.0,93.0,94.0,92.0,93.0,93.0,92.0,92.0,92.0,92.0,92.0,93.0,92.0,91.0,93.0,93.0,93.0,92.0,92.0,92.0,92.0,2018-11-01
47,2018-12-01,84.0,86.0,84.0,85.0,85.0,86.0,84.0,84.0,84.5,84.0,85.0,85.0,84.0,84.0,84.0,86.0,85.0,85.0,85.0,84.0,85.0,86.0,86.0,84.0,86.0,86.0,84.0,85.0,85.0,84.0,85.0,84.0,85.0,86.0,86.0,85.0,85.0,84.0,84.0,86.0,85.0,85.0,85.0,85.0,84.0,86.0,85.0,86.0,87.0,84.0,85.0,85.0,85.0,84.0,85.0,85.0,84.0,84.0,84.0,85.0,85.0,85.0,86.0,86.0,86.0,85.0,85.0,85.0,84.5,84.0,86.0,86.0,85.0,85.0,87.0,84.0,85.0,86.0,85.0,85.0,84.0,86.0,86.0,84.0,86.0,85.5,85.0,85.0,87.0,84.0,86.0,84.0,84.0,85.0,85.0,84.0,86.0,84.0,84.0,85.0,85.0,84.0,86.0,84.0,84.0,85.0,85.0,84.0,84.0,84.0,84.0,84.0,84.0,84.0,84.0,84.0,84.0,84.0,86.0,84.0,85.5,84.0,84.0,83.0,86.0,85.0,86.0,86.0,85.0,84.0,85.0,84.0,84.0,85.0,85.0,84.0,85.0,86.0,84.0,86.0,84.0,84.0,85.0,84.0,85.0,84.0,2018-12-01
48,2019-01-01,88.0,89.0,88.0,89.0,89.0,89.0,88.0,89.0,87.5,88.0,89.0,89.0,88.0,88.0,87.0,88.0,88.0,88.0,88.0,88.0,88.0,89.0,88.0,88.0,88.0,88.0,89.0,88.0,89.0,87.0,87.0,88.0,88.0,89.0,88.0,87.0,87.0,87.0,87.0,88.0,88.0,88.0,89.0,89.0,87.0,89.0,89.0,88.0,89.0,88.0,89.0,88.0,88.0,87.0,88.0,87.0,87.0,87.0,87.0,87.0,87.0,88.0,88.0,89.0,88.0,87.0,88.0,88.0,89.0,88.0,88.0,89.0,88.0,88.0,90.0,88.0,89.0,88.0,88.0,89.0,88.0,90.0,89.0,87.0,89.0,88.0,89.0,88.0,89.0,87.0,89.0,89.0,88.0,89.0,88.0,88.0,90.0,88.0,87.0,90.0,90.0,88.0,88.0,87.0,88.0,88.0,89.0,88.0,88.0,87.0,88.0,88.0,87.0,87.0,87.0,87.0,88.0,88.0,89.0,88.0,88.0,88.0,88.0,87.0,88.0,88.0,89.0,90.0,88.0,88.0,89.0,88.0,87.0,88.0,88.0,87.0,89.0,89.0,87.0,89.0,88.0,87.0,88.0,87.0,88.0,88.0,2019-01-01
49,2019-02-01,93.0,94.0,92.0,93.0,95.0,93.0,93.0,94.0,92.0,93.0,94.0,93.0,92.0,94.0,92.0,94.0,92.0,92.0,94.0,92.0,93.0,94.0,93.0,93.0,93.0,93.0,94.0,94.0,93.0,92.0,93.0,92.0,93.0,94.0,93.0,92.0,93.0,92.0,93.0,92.0,93.0,93.0,94.0,94.0,92.0,94.0,94.0,93.0,94.0,93.0,94.0,92.0,93.0,92.0,92.0,92.0,92.0,92.0,92.0,93.0,93.0,93.0,94.0,94.0,93.0,93.0,92.0,92.0,94.0,92.0,93.0,94.0,94.0,93.0,94.0,93.0,94.0,93.0,93.0,94.0,92.0,94.0,94.0,92.0,94.0,93.0,93.0,93.0,94.0,92.0,94.0,93.0,92.0,93.0,93.0,92.0,94.0,92.0,92.0,94.0,94.0,94.0,93.0,93.0,92.0,92.0,93.0,92.0,93.0,92.0,92.0,92.0,93.0,92.0,93.0,93.0,92.0,92.0,94.0,93.0,93.0,93.0,92.0,92.0,93.0,92.0,94.0,94.0,92.0,93.0,93.0,93.0,92.0,93.0,93.0,93.0,94.0,94.0,92.0,94.0,92.0,93.0,93.0,92.0,93.0,92.0,2019-02-01
50,2019-03-01,99.0,100.0,100.0,100.0,99.0,100.0,99.0,99.0,100.0,100.0,100.0,99.0,99.0,98.0,99.0,100.0,101.0,100.0,99.0,99.0,100.0,100.0,100.0,100.0,100.0,100.0,99.0,99.0,100.0,99.0,99.0,98.0,99.0,100.0,100.0,100.0,99.0,98.0,98.0,100.0,100.0,99.0,99.0,99.0,98.0,100.0,100.0,100.0,100.0,99.0,99.0,100.0,100.0,98.0,100.0,101.0,98.0,99.0,98.0,100.0,100.0,100.0,100.0,100.0,100.0,99.0,100.0,100.0,98.5,99.0,100.0,100.0,99.0,99.0,100.0,98.0,99.0,100.0,100.0,100.0,100.0,100.0,100.0,99.0,100.0,100.0,100.0,100.0,100.0,98.0,100.0,99.0,99.0,99.0,100.0,100.0,100.0,100.0,98.0,100.0,100.0,98.0,100.0,98.0,100.0,100.0,99.0,98.0,99.0,98.0,99.0,99.0,98.0,98.0,98.0,98.0,99.0,100.0,99.0,99.0,100.0,98.0,100.0,99.0,100.0,99.0,99.0,100.0,100.0,99.0,100.0,98.0,98.0,99.0,100.0,98.0,99.0,100.0,98.0,100.0,98.0,98.0,99.0,98.0,100.0,99.0,2019-03-01
51,2019-04-01,106.0,107.0,108.0,107.0,106.0,108.0,106.0,107.0,108.0,108.0,108.0,106.0,107.0,106.0,106.0,108.0,109.0,108.0,107.0,107.0,108.0,108.0,107.0,108.0,108.0,107.0,107.0,106.0,107.0,106.0,105.0,106.0,107.0,108.0,108.0,108.0,106.0,106.0,106.0,107.0,108.0,107.0,106.0,107.0,106.0,108.0,107.0,108.0,108.0,106.0,106.0,108.0,108.0,106.0,108.0,109.0,106.0,106.0,106.0,108.0,108.0,108.0,107.0,108.0,107.0,106.0,108.0,107.0,106.0,106.0,108.0,108.0,106.0,106.0,108.0,106.0,107.0,108.0,108.0,107.0,108.0,108.0,108.0,106.0,108.0,107.5,107.0,108.0,107.0,106.0,107.0,107.0,107.0,107.0,107.0,107.0,107.0,107.0,106.0,107.0,107.0,106.0,108.0,105.0,108.0,108.0,107.0,106.0,106.0,106.0,107.0,106.0,106.0,106.0,106.0,105.0,106.0,107.0,107.0,106.0,108.0,106.0,107.0,107.0,107.0,107.0,107.0,107.0,108.0,107.0,107.0,106.0,106.0,107.0,108.0,105.0,107.0,108.0,106.0,108.0,107.0,106.0,107.0,106.0,108.0,106.0,2019-04-01
52,2019-05-01,111.0,112.0,110.0,111.0,113.0,113.0,112.0,111.0,111.0,113.0,113.0,111.0,111.0,112.0,111.0,112.0,112.0,110.0,112.0,110.0,111.0,113.0,112.0,113.0,111.0,112.0,111.0,112.0,112.0,111.0,111.0,111.0,112.0,113.0,113.0,110.0,112.0,111.0,111.0,111.0,112.0,112.0,112.0,112.0,111.0,113.0,111.0,112.0,113.0,112.0,112.0,111.0,112.0,112.0,111.0,112.0,111.0,111.0,111.0,112.0,112.0,112.0,112.0,113.0,112.0,111.0,111.0,111.0,112.0,111.0,112.0,113.0,112.0,112.0,113.0,112.0,112.0,113.0,112.0,113.0,111.0,113.0,113.0,111.0,113.0,112.0,111.0,113.0,113.0,111.0,112.0,111.0,111.0,111.0,111.0,111.0,112.0,111.0,111.0,112.0,111.0,112.0,112.0,111.0,111.0,111.0,112.0,111.0,112.0,111.0,111.0,111.0,111.0,111.0,111.0,111.0,111.0,110.0,113.0,112.0,113.0,112.0,110.0,111.0,112.0,111.0,112.0,112.0,111.0,111.0,111.0,112.0,111.0,112.0,113.0,111.0,112.0,113.0,111.0,113.0,111.0,111.0,112.0,111.0,112.0,111.0,2019-05-01
53,2019-06-01,113.0,114.0,113.0,114.0,112.0,114.0,113.0,112.0,113.0,112.0,112.0,113.0,113.0,112.0,113.0,113.0,113.0,113.0,112.0,114.0,114.0,113.0,114.0,113.0,114.0,114.0,112.0,113.0,113.0,114.0,112.0,113.0,114.0,114.0,114.0,113.0,113.0,113.0,113.0,114.0,114.0,113.0,111.0,111.0,112.0,113.0,113.0,113.0,113.0,112.0,111.0,113.0,113.0,113.0,114.0,113.0,113.0,114.0,114.0,113.0,114.0,114.0,113.0,113.0,113.0,111.0,114.0,114.0,110.5,113.0,114.0,114.0,112.0,111.0,113.0,112.0,111.0,113.0,114.0,113.0,114.0,113.0,113.0,113.0,112.0,114.0,113.0,114.0,113.0,114.0,113.0,113.0,113.0,112.0,114.0,113.0,114.0,113.0,114.0,112.0,113.0,111.0,114.0,113.0,114.0,114.0,113.0,114.0,112.0,114.0,113.0,113.0,112.0,113.0,112.0,112.0,113.0,114.0,113.0,112.0,113.0,113.0,113.0,113.0,114.0,114.0,113.0,113.0,113.0,113.0,114.0,113.0,113.0,113.0,113.0,112.0,112.0,113.0,114.0,114.0,114.0,114.0,111.0,114.0,113.0,113.0,2019-06-01
54,2019-07-01,109.0,110.0,110.0,110.0,110.0,110.0,110.0,109.0,110.0,110.0,110.0,109.0,110.0,109.0,110.0,109.0,110.0,110.0,109.0,110.0,110.0,110.0,110.0,110.0,110.0,110.0,109.0,109.0,110.0,110.0,110.0,109.0,110.0,109.0,110.0,110.0,111.0,110.0,109.0,110.0,110.0,110.0,110.0,109.0,110.0,110.0,110.0,110.0,109.0,110.0,108.0,110.0,111.0,109.0,110.0,110.0,109.0,111.0,109.0,111.0,110.0,111.0,110.0,109.0,110.0,109.0,110.0,109.0,108.0,109.0,109.0,110.0,109.0,109.0,109.0,110.0,109.0,110.0,111.0,110.0,110.0,109.0,109.0,111.0,110.0,110.0,110.0,111.0,109.0,110.0,110.0,110.0,110.0,110.0,109.0,111.0,110.0,110.0,109.0,109.0,110.0,108.0,110.0,109.0,110.0,110.0,110.0,109.0,109.0,110.0,110.0,110.0,109.0,110.0,109.0,109.0,109.0,110.0,110.0,109.0,110.0,111.0,110.0,111.0,110.0,110.0,110.0,109.0,110.0,109.0,110.0,109.0,109.0,110.0,110.0,109.0,109.0,109.0,109.0,110.0,110.0,110.0,109.0,110.0,111.0,109.0,2019-07-01
55,2019-08-01,109.0,110.0,111.0,109.0,109.0,109.0,108.0,108.0,109.0,110.0,109.0,107.0,108.0,108.0,109.0,108.0,110.0,110.0,109.0,108.0,108.0,108.0,108.0,110.0,108.0,108.0,108.0,108.0,108.0,109.0,109.0,107.0,108.0,109.0,109.0,110.0,109.0,108.0,109.0,108.0,109.0,108.0,107.0,109.0,110.0,108.0,109.0,110.0,108.0,108.0,107.0,110.0,109.0,109.0,110.0,110.0,109.0,108.0,109.0,109.0,109.0,110.0,108.0,109.0,109.0,108.0,110.0,109.0,108.0,108.0,108.0,110.0,108.0,108.0,108.0,108.0,108.0,110.0,109.0,108.0,108.0,108.0,109.0,108.0,110.0,108.5,108.0,109.0,108.0,109.0,109.0,108.0,108.0,107.0,109.0,108.0,109.0,108.0,109.0,108.0,108.0,108.0,109.0,108.0,109.0,110.0,108.0,108.0,109.0,108.0,108.0,109.0,109.0,110.0,109.0,110.0,109.0,110.0,108.0,108.0,109.0,109.0,108.0,109.0,109.0,109.0,108.0,109.0,108.0,108.0,109.0,108.0,109.0,108.0,110.0,109.0,109.0,110.0,109.0,108.0,107.0,108.0,108.0,110.0,110.0,109.0,2019-08-01
56,2019-09-01,103.0,102.0,104.0,103.0,104.0,104.0,103.0,102.0,103.5,104.0,103.0,103.0,103.0,104.0,104.0,102.0,102.0,104.0,103.0,104.0,103.0,102.0,103.0,104.0,103.0,103.0,102.0,103.0,102.0,104.0,103.0,103.0,103.0,102.0,104.0,104.0,103.0,104.0,104.0,103.0,103.0,103.0,103.0,104.0,105.0,104.0,103.0,104.0,103.0,104.0,103.0,104.0,104.0,103.0,103.0,103.0,103.0,104.0,103.0,103.0,103.0,103.0,103.0,102.0,104.0,103.0,104.0,103.0,104.0,103.0,103.0,103.0,103.0,102.0,102.0,104.0,103.0,105.0,103.0,103.0,103.0,102.0,101.0,104.0,103.0,103.0,103.0,103.0,102.0,104.0,102.0,103.0,104.0,103.0,104.0,104.0,103.0,103.0,103.0,103.0,103.0,104.0,103.0,103.0,104.0,104.0,102.0,103.0,103.0,103.0,104.0,104.0,103.0,104.0,103.0,103.0,103.0,104.0,101.0,104.0,103.0,104.0,104.0,104.0,103.0,104.0,101.0,103.0,104.0,104.0,103.0,104.0,104.0,102.0,104.0,103.0,103.0,102.0,104.0,103.0,103.0,104.0,103.0,105.0,103.0,103.0,2019-09-01
57,2019-10-01,104.0,105.0,105.0,105.0,104.0,105.0,104.0,104.0,104.0,104.0,104.0,104.0,104.0,103.0,103.0,105.0,105.0,106.0,103.0,105.0,105.0,105.0,105.0,104.0,105.0,105.0,104.0,104.0,105.0,104.0,103.0,105.0,105.0,105.0,104.0,105.0,104.0,103.0,103.0,105.0,104.0,104.0,103.0,103.0,104.0,105.0,105.0,105.0,104.0,104.0,104.0,105.0,104.0,103.0,105.0,104.0,103.0,104.0,104.0,104.0,105.0,104.0,105.0,105.0,105.0,104.0,105.0,105.0,103.0,105.0,105.0,105.0,104.0,104.0,105.0,103.0,103.0,104.0,104.0,105.0,105.0,105.0,105.0,103.0,104.0,104.0,105.0,104.0,104.0,104.0,105.0,104.0,104.0,104.0,105.0,104.0,105.0,104.0,104.0,104.0,105.0,103.0,105.0,104.0,105.0,105.0,104.0,105.0,103.0,104.0,105.0,103.0,105.0,104.0,103.0,103.0,105.0,105.0,104.0,104.0,104.0,103.0,105.0,104.0,104.0,105.0,105.0,105.0,104.0,105.0,105.0,104.0,104.0,105.0,104.0,104.0,104.0,105.0,104.0,105.0,105.0,104.0,104.0,104.0,104.0,104.0,2019-10-01
58,2019-11-01,98.0,98.0,98.0,99.0,100.0,98.0,98.0,99.0,98.0,97.0,97.0,99.0,97.0,99.0,97.0,98.0,98.0,97.0,98.0,97.0,98.0,98.0,99.0,97.0,97.0,98.0,99.0,99.0,99.0,97.0,98.0,98.0,98.0,99.0,98.0,97.0,98.0,97.0,98.0,98.0,98.0,98.0,99.0,99.0,98.0,99.0,99.0,98.0,100.0,98.0,99.0,97.0,98.0,97.0,98.0,98.0,97.0,97.0,97.0,98.0,98.0,98.0,99.0,99.0,99.0,98.0,98.0,98.0,99.0,98.0,98.0,98.0,99.0,99.0,99.0,98.0,99.0,98.0,98.0,99.0,98.0,99.0,99.0,97.0,98.0,98.5,99.0,98.0,99.0,97.0,99.0,99.0,97.0,99.0,98.0,97.0,100.0,97.0,97.0,100.0,100.0,99.0,98.0,98.0,97.0,98.0,99.0,97.0,98.0,97.0,98.0,97.0,98.0,98.0,98.0,98.0,98.0,97.0,99.0,98.0,98.0,98.0,97.0,97.0,98.0,98.0,99.0,100.0,98.0,98.0,99.0,98.0,97.0,98.0,97.0,98.0,99.0,99.0,97.0,99.0,98.0,98.0,99.0,97.0,98.0,98.0,2019-11-01
59,2019-12-01,91.0,93.0,94.0,93.0,92.0,93.0,91.0,93.0,93.0,93.0,93.0,92.0,93.0,92.0,92.0,93.0,93.0,95.0,91.0,93.0,93.0,93.0,92.0,93.0,93.0,92.0,93.0,92.0,93.0,92.0,91.0,92.0,92.0,93.0,93.0,93.0,91.0,92.0,91.0,92.0,92.0,92.0,92.0,91.0,91.0,93.0,92.0,93.0,93.0,92.0,92.0,93.0,93.0,92.0,93.0,93.0,91.0,92.0,91.0,93.0,93.0,92.0,92.0,93.0,92.0,92.0,93.0,92.0,92.0,92.0,93.0,93.0,92.0,92.0,93.0,91.0,93.0,93.0,92.0,93.0,93.0,93.0,93.0,92.0,93.0,92.5,93.0,93.0,93.0,91.0,93.0,93.0,93.0,93.0,92.0,93.0,93.0,93.0,91.0,93.0,93.0,91.0,92.0,91.0,94.0,93.0,93.0,91.0,91.0,91.0,93.0,93.0,91.0,91.0,91.0,91.0,92.0,94.0,93.0,92.0,93.0,92.0,94.0,93.0,92.0,92.0,93.0,93.0,93.0,92.0,93.0,91.0,90.0,92.0,92.0,90.0,92.0,93.0,91.0,93.0,92.0,91.0,92.0,91.0,93.0,91.0,2019-12-01
60,2020-01-01,94.0,95.0,96.0,94.0,94.0,95.0,93.0,94.0,96.0,94.0,94.0,94.0,94.0,93.0,93.0,94.0,96.0,95.0,93.0,95.0,95.0,95.0,94.0,94.0,95.0,95.0,94.0,95.0,95.0,94.0,94.0,94.0,95.0,95.0,95.0,96.0,94.0,94.0,93.0,95.0,94.0,95.0,94.0,94.0,93.0,95.0,95.0,95.0,95.0,94.0,94.0,96.0,95.0,93.0,95.0,95.0,93.0,94.0,93.0,96.0,96.0,94.0,94.0,94.0,95.0,94.0,95.0,95.0,93.0,94.0,94.0,95.0,95.0,94.0,95.0,93.0,95.0,95.0,95.0,95.0,95.0,95.0,95.0,94.0,94.0,94.0,94.0,95.0,95.0,94.0,95.0,94.0,94.0,95.0,95.0,95.0,95.0,95.0,93.0,94.0,94.0,93.0,95.0,94.0,95.0,95.0,95.0,94.0,93.0,94.0,94.0,94.0,93.0,94.0,93.0,93.0,94.0,95.0,95.0,94.0,95.0,94.0,95.0,94.0,95.0,94.0,95.0,94.0,96.0,94.0,94.0,93.0,93.0,95.0,94.0,93.0,94.0,95.0,93.0,95.0,94.0,94.0,95.0,93.0,95.0,94.0,2020-01-01
61,2020-02-01,101.0,101.0,104.0,101.0,101.0,103.0,100.0,100.0,104.0,103.0,103.0,101.0,103.0,100.0,102.0,103.0,105.0,104.0,100.0,103.0,103.0,103.0,103.0,103.0,102.0,102.0,101.0,101.0,101.0,102.0,101.0,101.0,102.0,103.0,104.0,104.0,101.0,101.0,101.0,102.0,103.0,102.0,101.0,101.0,101.0,103.0,101.0,104.0,102.0,101.0,101.0,103.0,104.0,102.0,103.0,104.0,101.0,102.0,102.0,104.0,104.0,104.0,102.0,103.0,102.0,101.0,102.0,102.0,100.0,101.0,103.0,103.0,101.0,101.0,103.0,100.0,102.0,104.0,104.0,103.0,103.0,102.0,103.0,102.0,103.0,103.0,101.0,104.0,102.0,101.0,102.0,101.0,102.0,101.0,101.0,103.0,102.0,103.0,102.0,101.0,101.0,100.0,103.0,102.0,103.0,103.0,102.0,101.0,100.0,101.0,102.0,102.0,101.0,101.0,100.0,101.0,102.0,103.0,102.0,100.0,104.0,100.0,104.0,103.0,103.0,102.0,102.0,101.0,103.0,101.0,101.0,100.0,101.0,102.0,104.0,101.0,101.0,103.0,101.0,103.0,102.0,102.0,102.0,101.0,104.0,101.0,2020-02-01
62,2020-03-01,107.0,107.0,109.0,107.0,106.0,108.0,106.0,106.0,109.0,107.0,107.0,107.0,109.0,106.0,108.0,107.0,109.0,110.0,106.0,109.0,108.0,108.0,107.0,108.0,108.0,107.0,106.0,107.0,107.0,108.0,107.0,107.0,107.0,108.0,108.0,109.0,107.0,108.0,107.0,108.0,108.0,108.0,107.0,106.0,107.0,108.0,107.0,109.0,107.0,107.0,107.0,109.0,108.0,108.0,109.0,109.0,108.0,108.0,108.0,109.0,109.0,108.0,107.0,107.0,107.0,107.0,108.0,108.0,106.0,107.0,107.0,107.0,107.0,106.0,107.0,106.0,107.0,108.0,108.0,107.0,109.0,107.0,107.0,109.0,107.0,107.0,107.0,108.0,107.0,107.0,107.0,106.0,109.0,106.0,107.0,109.0,107.0,109.0,108.0,106.0,106.0,106.0,109.0,107.0,109.0,109.0,107.0,107.0,106.0,108.0,108.0,109.0,107.0,107.0,106.0,106.0,108.0,109.0,107.0,106.0,108.0,106.0,109.0,109.0,108.0,108.0,107.0,106.0,108.0,107.0,107.0,106.0,107.0,108.0,108.0,107.0,106.0,107.0,107.0,107.0,108.0,107.0,107.0,107.0,108.0,107.0,2020-03-01
63,2020-04-01,113.0,115.0,115.0,114.0,114.0,116.0,114.0,113.0,115.5,116.0,116.0,114.0,115.0,113.0,114.0,115.0,116.0,116.0,114.0,115.0,115.0,116.0,114.0,116.0,115.0,115.0,113.0,114.0,115.0,114.0,114.0,114.0,115.0,116.0,116.0,115.0,114.0,114.0,113.0,115.0,115.0,115.0,114.0,114.0,114.0,116.0,114.0,115.0,114.0,114.0,114.0,115.0,115.0,115.0,115.0,116.0,115.0,115.0,115.0,116.0,115.0,116.0,115.0,115.0,115.0,114.0,115.0,114.0,114.0,114.0,116.0,116.0,114.0,114.0,115.0,114.0,114.0,116.0,115.0,115.0,115.0,114.0,115.0,115.0,116.0,115.0,114.0,116.0,115.0,115.0,115.0,114.0,115.0,114.0,114.0,115.0,114.0,115.0,115.0,113.0,113.0,114.0,115.0,114.0,115.0,115.0,115.0,114.0,114.0,115.0,115.0,115.0,114.0,114.0,114.0,113.0,115.0,115.0,115.0,114.0,116.0,114.0,115.0,115.0,115.0,115.0,115.0,113.0,115.0,113.0,114.0,114.0,114.0,115.0,116.0,113.0,114.0,115.0,114.0,116.0,114.0,114.0,114.0,114.0,116.0,113.0,2020-04-01
64,2020-05-01,115.0,115.0,116.0,115.0,114.0,116.0,114.0,114.0,116.0,116.0,115.0,115.0,117.0,114.0,116.0,115.0,116.0,116.0,115.0,116.0,116.0,116.0,116.0,116.0,116.0,116.0,114.0,114.0,115.0,116.0,115.0,116.0,116.0,116.0,116.0,116.0,115.0,116.0,115.0,116.0,116.0,115.0,114.0,115.0,115.0,116.0,115.0,117.0,115.0,115.0,114.0,116.0,117.0,116.0,116.0,116.0,116.0,115.0,117.0,117.0,116.0,116.0,116.0,115.0,115.0,115.0,116.0,115.0,114.0,115.0,115.0,116.0,114.0,115.0,116.0,114.0,114.0,116.0,117.0,115.0,116.0,115.0,115.0,116.0,115.0,116.0,115.0,117.0,115.0,115.0,115.0,115.0,117.0,115.0,115.0,117.0,115.0,116.0,116.0,115.0,115.0,114.0,116.0,115.0,116.0,117.0,115.0,115.0,115.0,115.0,116.0,116.0,115.0,115.0,115.0,115.0,115.0,116.0,115.0,114.0,116.5,115.0,116.0,117.0,116.0,116.0,115.0,115.0,116.0,115.0,115.0,114.0,116.0,116.0,116.0,115.0,115.0,116.0,115.0,116.0,116.0,115.0,114.0,116.0,116.0,115.0,2020-05-01
65,2020-06-01,109.0,112.0,113.0,111.0,111.0,112.0,110.0,108.0,112.0,111.0,109.0,110.0,109.0,109.0,110.0,111.0,113.0,113.0,109.0,111.0,110.0,111.0,111.0,111.0,111.0,112.0,109.0,111.0,111.0,110.0,110.0,110.0,111.0,112.0,111.0,111.0,111.0,110.0,110.0,111.0,111.0,111.0,111.0,110.0,110.0,113.0,110.0,112.0,111.0,110.0,111.0,111.0,111.0,110.0,112.0,112.0,110.0,110.0,110.0,113.0,112.0,112.0,111.0,110.0,112.0,111.0,111.0,110.0,108.5,110.0,112.0,112.0,111.0,111.0,109.0,109.0,111.0,111.0,112.0,111.0,111.0,111.0,110.0,110.0,110.0,111.0,110.0,113.0,112.0,109.0,111.0,111.0,109.0,110.0,111.0,110.0,110.0,111.0,111.0,110.0,109.0,109.0,111.0,111.0,111.0,112.0,112.0,110.0,110.0,109.0,111.0,111.0,110.0,110.0,110.0,110.0,110.0,112.0,111.0,109.0,112.0,111.0,112.0,110.0,111.0,111.0,111.0,110.0,111.0,110.0,111.0,109.0,109.0,111.0,111.0,111.0,111.0,111.0,109.0,112.0,110.0,110.0,111.0,110.0,112.0,109.0,2020-06-01
66,2020-07-01,108.0,108.0,109.0,109.0,109.0,110.0,108.0,108.0,109.0,110.0,110.0,109.0,108.0,108.0,108.0,109.0,109.0,109.0,109.0,108.0,109.0,110.0,108.0,110.0,109.0,108.0,108.0,109.0,109.0,108.0,109.0,108.0,109.0,109.0,109.0,109.0,108.0,108.0,108.0,109.0,108.0,109.0,109.0,108.0,108.0,110.0,108.0,109.0,108.0,108.0,109.0,109.0,109.0,109.0,109.0,109.0,108.0,108.0,109.0,109.0,109.0,108.0,108.0,109.0,108.0,109.0,109.0,109.0,108.0,109.0,109.0,110.0,109.0,108.0,108.0,108.0,109.0,109.0,108.0,108.0,109.0,108.0,108.0,108.0,110.0,108.0,109.0,109.0,108.0,108.0,108.0,108.0,109.0,108.0,109.0,108.0,108.0,108.0,109.0,108.0,108.0,108.0,108.0,109.0,109.0,109.0,108.0,108.0,108.0,108.0,109.0,108.0,109.0,109.0,109.0,109.0,109.0,109.0,108.0,109.0,108.5,108.0,108.0,109.0,108.0,109.0,108.0,109.0,109.0,109.0,109.0,108.0,109.0,108.0,109.0,109.0,109.0,108.0,108.0,110.0,108.0,109.0,108.0,108.0,109.0,108.0,2020-07-01
67,2020-08-01,106.0,107.0,108.0,106.0,108.0,109.0,106.0,106.0,107.5,109.0,109.0,107.0,107.0,107.0,108.0,107.0,109.0,108.0,108.0,108.0,107.0,109.0,107.0,109.0,107.0,108.0,107.0,108.0,106.0,107.0,107.0,107.0,106.0,108.0,109.0,107.0,107.0,108.0,107.0,107.0,107.0,106.0,108.0,108.0,107.0,108.0,107.0,109.0,108.0,106.0,107.0,107.0,108.0,107.0,108.0,107.0,107.0,106.0,107.0,108.0,109.0,107.0,107.0,107.0,107.0,107.0,107.0,106.0,107.5,106.0,107.0,109.0,108.0,107.0,108.0,107.0,109.0,110.0,108.0,107.0,107.0,107.0,107.0,108.0,109.0,107.0,106.0,109.0,108.0,107.0,106.0,108.0,107.0,107.0,107.0,107.0,108.0,108.0,108.0,107.0,107.0,108.0,108.0,108.0,107.0,108.0,107.0,106.0,108.0,106.0,107.0,109.0,107.0,108.0,107.0,107.0,106.0,108.0,106.0,108.0,108.0,108.0,108.0,109.0,108.0,107.0,107.0,107.0,107.0,106.0,106.0,108.0,107.0,107.0,109.0,107.0,109.0,107.0,106.0,108.0,107.0,108.0,107.0,108.0,107.0,106.0,2020-08-01
68,2020-09-01,107.0,108.0,107.0,108.0,108.0,108.0,107.0,108.0,107.5,107.0,107.0,108.0,106.0,109.0,107.0,107.0,109.0,106.0,107.0,107.0,107.0,107.0,107.0,108.0,106.0,108.0,109.0,108.0,107.0,107.0,108.0,108.0,107.0,108.0,108.0,106.0,108.0,108.0,107.0,107.0,108.0,107.0,108.0,108.0,107.0,107.0,108.0,109.0,109.0,107.0,107.0,107.0,108.0,106.0,106.0,108.0,107.0,107.0,107.0,109.0,109.0,108.0,108.0,108.0,109.0,107.0,107.0,106.0,108.0,108.0,107.0,107.0,107.0,107.0,109.0,107.0,108.0,109.0,108.0,108.0,106.0,108.0,108.0,107.0,109.0,107.5,108.0,108.0,109.0,108.0,108.0,108.0,106.0,108.0,107.0,107.0,109.0,106.0,107.0,109.0,109.0,108.0,108.0,107.0,106.0,107.0,108.0,107.0,107.0,107.0,107.0,108.0,107.0,108.0,107.0,108.0,107.0,106.0,108.0,108.0,108.5,108.0,106.0,107.0,108.0,107.0,108.0,108.0,108.0,109.0,108.0,108.0,107.0,108.0,109.0,108.0,109.0,108.0,107.0,107.0,107.0,109.0,107.0,108.0,108.0,107.0,2020-09-01
69,2020-10-01,105.0,104.0,104.0,105.0,105.0,105.0,105.0,104.0,104.5,104.0,105.0,105.0,105.0,104.0,104.0,104.0,105.0,104.0,104.0,105.0,104.0,105.0,105.0,103.0,104.0,105.0,105.0,104.0,105.0,104.0,105.0,105.0,104.0,104.0,104.0,104.0,104.0,104.0,105.0,104.0,105.0,105.0,105.0,104.0,105.0,104.0,105.0,105.0,105.0,106.0,105.0,104.0,105.0,104.0,104.0,104.0,104.0,104.0,104.0,105.0,104.0,104.0,105.0,104.0,106.0,105.0,105.0,105.0,104.0,104.0,104.0,105.0,105.0,105.0,104.0,106.0,105.0,105.0,105.0,104.0,105.0,104.0,104.0,105.0,104.0,104.0,105.0,104.0,104.0,105.0,105.0,105.0,105.0,105.0,105.0,105.0,105.0,105.0,104.0,105.0,105.0,104.0,105.0,104.0,105.0,105.0,105.0,105.0,104.0,104.0,104.0,105.0,104.0,105.0,105.0,105.0,104.0,104.0,104.0,105.0,104.5,106.0,104.0,105.0,105.0,104.0,105.0,105.0,104.0,104.0,104.0,105.0,103.0,104.0,102.0,104.0,105.0,104.0,105.0,104.0,104.0,104.0,105.0,105.0,104.0,105.0,2020-10-01
70,2020-11-01,102.0,101.0,104.0,103.0,102.0,103.0,102.0,102.0,103.0,102.0,102.0,103.0,103.0,102.0,103.0,102.0,103.0,105.0,102.0,103.0,103.0,101.0,102.0,102.0,102.0,102.0,103.0,102.0,101.0,103.0,102.0,103.0,102.0,102.0,102.0,103.0,102.0,103.0,102.0,102.0,102.0,102.0,100.0,102.0,101.0,102.0,103.0,103.0,102.0,102.0,101.0,103.0,103.0,103.0,103.0,103.0,103.0,102.0,103.0,103.0,103.0,102.0,102.0,102.0,102.0,102.0,104.0,102.0,102.0,102.0,102.0,102.0,102.0,101.0,102.0,102.0,101.0,102.0,102.0,101.0,104.0,101.0,102.0,103.0,102.0,102.0,103.0,103.0,102.0,102.0,103.0,102.0,103.0,103.0,103.0,103.0,103.0,103.0,102.0,103.0,103.0,102.0,102.0,102.0,104.0,104.0,102.0,102.0,102.0,102.0,104.0,103.0,102.0,102.0,102.0,102.0,103.0,104.0,101.0,102.0,102.5,102.0,104.0,103.0,102.0,103.0,101.0,104.0,103.0,103.0,103.0,102.0,102.0,102.0,102.0,102.0,102.0,102.0,101.0,102.0,103.0,102.0,101.0,101.0,102.0,102.0,2020-11-01
71,2020-12-01,92.0,93.0,93.0,92.0,93.0,93.0,91.0,92.0,94.0,92.0,92.0,92.0,92.0,92.0,92.0,93.0,93.0,93.0,91.0,93.0,93.0,93.0,93.0,92.0,93.0,93.0,92.0,92.0,93.0,92.0,91.0,92.0,93.0,93.0,93.0,94.0,91.0,92.0,91.0,93.0,93.0,93.0,92.0,92.0,91.0,93.0,93.0,94.0,94.0,91.0,92.0,93.0,93.0,92.0,93.0,94.0,92.0,92.0,92.0,94.0,94.0,93.0,93.0,93.0,93.0,91.0,93.0,92.0,92.0,92.0,93.0,93.0,92.0,92.0,94.0,91.0,92.0,93.0,93.0,93.0,93.0,93.0,94.0,92.0,92.0,93.0,93.0,93.0,94.0,92.0,93.0,92.0,92.0,92.0,92.0,93.0,93.0,93.0,92.0,93.0,93.0,91.0,93.0,91.0,93.0,93.0,93.0,92.0,91.0,92.0,92.0,92.0,91.0,91.0,91.0,91.0,92.0,93.0,93.0,91.0,93.0,91.0,93.0,93.0,93.0,92.0,93.0,93.0,94.0,92.0,92.0,91.0,91.0,93.0,93.0,91.0,92.0,94.0,92.0,93.0,92.0,92.0,92.0,92.0,93.0,92.0,2020-12-01
72,2021-01-01,94.0,95.0,95.0,95.0,94.0,95.0,94.0,94.0,94.5,95.0,95.0,95.0,95.0,94.0,94.0,95.0,95.0,95.0,93.0,95.0,95.0,95.0,95.0,95.0,95.0,94.0,95.0,94.0,95.0,94.0,93.0,94.0,94.0,95.0,94.0,95.0,94.0,94.0,94.0,95.0,94.0,95.0,94.0,93.0,94.0,96.0,95.0,95.0,95.0,94.0,94.0,95.0,95.0,94.0,95.0,95.0,94.0,94.0,94.0,95.0,95.0,94.0,95.0,94.0,94.0,94.0,95.0,94.0,93.0,95.0,95.0,95.0,94.0,94.0,95.0,94.0,94.0,95.0,94.0,94.0,95.0,95.0,95.0,94.0,95.0,94.5,95.0,95.0,94.0,94.0,95.0,94.0,95.0,95.0,95.0,95.0,95.0,95.0,94.0,95.0,95.0,94.0,95.0,94.0,95.0,95.0,95.0,94.0,93.0,94.0,95.0,94.0,93.0,93.0,93.0,93.0,94.0,95.0,95.0,94.0,94.5,94.0,94.0,94.0,94.0,95.0,95.0,95.0,95.0,94.0,95.0,94.0,94.0,94.0,94.0,93.0,94.0,95.0,94.0,96.0,95.0,93.0,94.0,93.0,95.0,94.0,2021-01-01
73,2021-02-01,107.0,107.0,110.0,108.0,104.0,109.0,106.0,105.0,110.0,110.0,109.0,107.0,109.0,104.0,108.0,108.0,111.0,111.0,105.0,110.0,110.0,108.0,108.0,110.0,110.0,109.0,106.0,105.0,108.0,109.0,106.0,109.0,108.0,108.0,110.0,110.0,106.0,108.0,107.0,110.0,110.0,108.0,104.0,105.0,107.0,109.0,107.0,110.0,107.0,106.0,104.0,110.0,110.0,109.0,110.0,111.0,108.0,109.0,109.0,111.0,110.0,110.0,108.0,108.0,108.0,107.0,110.0,109.0,104.0,108.0,109.0,109.0,105.0,106.0,107.0,106.0,105.0,110.0,110.0,108.0,110.0,106.0,107.0,109.0,108.0,109.0,107.0,111.0,107.0,108.0,107.0,106.0,109.0,107.0,108.0,109.0,107.0,110.0,108.0,105.0,106.0,105.0,109.0,107.0,110.0,110.0,107.0,108.0,106.0,109.0,109.0,108.0,108.0,107.0,106.0,107.0,109.0,110.0,107.0,105.0,110.0,106.0,110.0,109.0,110.0,109.0,107.0,106.0,110.0,108.0,107.0,105.0,108.0,109.0,110.0,107.0,104.0,108.0,108.0,109.0,109.0,108.0,105.0,108.0,110.0,107.0,2021-02-01
74,2021-03-01,103.0,103.0,106.0,103.0,102.0,104.0,103.0,102.0,105.0,104.0,103.0,103.0,105.0,102.0,104.0,104.0,105.0,107.0,102.0,106.0,105.0,103.0,104.0,104.0,105.0,104.0,103.0,103.0,104.0,105.0,103.0,105.0,104.0,103.0,105.0,106.0,103.0,105.0,103.0,105.0,105.0,104.0,102.0,102.0,103.0,104.0,103.0,105.0,103.0,103.0,102.0,106.0,105.0,104.0,106.0,105.0,104.0,105.0,104.0,106.0,105.0,105.0,104.0,103.0,104.0,103.0,105.0,104.0,101.5,104.0,104.0,104.0,102.0,103.0,103.0,103.0,102.0,105.0,105.0,103.0,105.0,103.0,103.0,105.0,104.0,104.0,103.0,105.0,103.0,104.0,103.0,103.0,106.0,103.0,104.0,106.0,103.0,106.0,104.0,102.0,102.0,102.0,105.0,103.0,106.0,106.0,104.0,104.0,102.0,104.0,105.0,105.0,104.0,103.0,103.0,103.0,104.0,106.0,103.0,102.0,105.0,102.0,106.0,105.0,105.0,105.0,103.0,102.0,105.0,103.0,103.0,103.0,104.0,105.0,105.0,103.0,102.0,103.0,104.0,104.0,105.0,104.0,102.0,104.0,105.0,104.0,2021-03-01
75,2021-04-01,115.0,115.0,115.0,115.0,114.0,115.0,114.0,114.0,115.0,115.0,115.0,115.0,115.0,114.0,114.0,115.0,115.0,116.0,114.0,115.0,115.0,115.0,115.0,115.0,115.0,115.0,115.0,114.0,115.0,115.0,114.0,115.0,115.0,115.0,115.0,114.0,114.0,114.0,114.0,115.0,116.0,115.0,114.0,114.0,114.0,115.0,115.0,115.0,115.0,114.0,114.0,115.0,116.0,114.0,114.0,115.0,114.0,114.0,114.0,115.0,115.0,116.0,115.0,115.0,115.0,114.0,115.0,115.0,114.0,114.0,115.0,115.0,114.0,114.0,115.0,114.0,114.0,115.0,115.0,115.0,115.0,115.0,115.0,115.0,115.0,115.0,115.0,115.0,115.0,114.0,115.0,115.0,115.0,115.0,115.0,115.0,115.0,115.0,114.0,114.0,115.0,114.0,115.0,113.0,115.0,115.0,115.0,114.0,114.0,114.0,115.0,115.0,114.0,114.0,114.0,114.0,115.0,115.0,115.0,114.0,115.0,114.0,116.0,115.0,115.0,115.0,115.0,115.0,115.0,115.0,115.0,114.0,114.0,115.0,115.0,114.0,114.0,115.0,114.0,115.0,114.0,114.0,114.0,114.0,115.0,114.0,2021-04-01
76,2021-05-01,113.0,114.0,115.0,114.0,113.0,115.0,113.0,113.0,115.0,115.0,114.0,113.0,114.0,113.0,113.0,114.0,115.0,115.0,113.0,114.0,115.0,115.0,115.0,115.0,115.0,115.0,113.0,113.0,114.0,114.0,113.0,114.0,115.0,114.0,115.0,115.0,113.0,113.0,113.0,115.0,115.0,114.0,113.0,113.0,114.0,115.0,114.0,115.0,114.0,113.0,113.0,115.0,115.0,113.0,115.0,115.0,113.0,114.0,113.0,115.0,115.0,115.0,114.0,114.0,115.0,112.0,115.0,114.0,113.0,114.0,115.0,115.0,113.0,112.0,114.0,113.0,113.0,115.0,115.0,114.0,114.0,114.0,114.0,114.0,115.0,115.0,114.0,115.0,114.0,113.0,114.0,113.0,114.0,113.0,114.0,114.0,114.0,114.0,113.0,113.0,114.0,113.0,115.0,112.0,114.0,115.0,114.0,114.0,113.0,114.0,114.0,114.0,113.0,113.0,113.0,113.0,114.0,114.0,114.0,113.0,115.0,113.0,115.0,114.0,115.0,114.0,114.0,114.0,115.0,114.0,114.0,113.0,113.0,115.0,115.0,113.0,113.0,114.0,114.0,115.0,114.0,113.0,113.0,114.0,115.0,114.0,2021-05-01
77,2021-06-01,113.0,115.0,114.0,115.0,113.0,114.0,112.0,114.0,113.0,114.0,113.0,115.0,114.0,114.0,115.0,113.0,113.0,115.0,113.0,114.0,114.0,113.0,113.0,114.0,114.0,113.0,114.0,112.0,114.0,114.0,112.0,115.0,115.0,113.0,113.0,113.0,112.0,113.0,113.0,114.0,113.0,114.0,112.0,113.0,114.0,113.0,114.0,113.0,113.0,112.0,112.0,114.0,112.0,114.0,113.0,113.0,113.0,114.0,113.0,113.0,114.0,113.0,113.0,113.0,114.0,112.0,115.0,115.0,113.5,116.0,112.0,114.0,112.0,112.0,112.0,113.0,112.0,114.0,112.0,113.0,116.0,114.0,112.0,115.0,113.0,112.5,114.0,113.0,113.0,114.0,115.0,114.0,114.0,114.0,115.0,114.0,114.0,114.0,113.0,115.0,115.0,113.0,114.0,112.0,115.0,115.0,114.0,114.0,112.0,114.0,116.0,115.0,113.0,115.0,112.0,113.0,116.0,114.0,114.0,114.0,113.0,113.0,115.0,114.0,113.0,115.0,114.0,115.0,114.0,115.0,115.0,114.0,113.0,114.0,114.0,112.0,113.0,113.0,114.0,113.0,116.0,113.0,112.0,115.0,113.0,113.0,2021-06-01
78,2021-07-01,113.0,115.0,115.0,114.0,113.0,115.0,114.0,114.0,114.0,114.0,114.0,114.0,114.0,113.0,114.0,114.0,115.0,114.0,112.0,115.0,114.0,113.0,115.0,115.0,115.0,115.0,114.0,114.0,114.0,114.0,114.0,114.0,114.0,114.0,115.0,114.0,114.0,115.0,114.0,114.0,114.0,114.0,112.0,113.0,114.0,114.0,113.0,117.0,114.0,113.0,111.0,114.0,115.0,113.0,115.0,114.0,113.0,114.0,113.0,115.0,115.0,115.0,114.0,113.0,116.0,113.0,114.0,114.0,112.5,113.0,113.0,113.0,113.0,113.0,113.0,114.0,113.0,115.0,115.0,114.0,114.0,113.0,113.0,115.0,114.0,114.0,113.0,115.0,114.0,114.0,114.0,114.0,115.0,114.0,115.0,114.0,114.0,114.0,113.0,114.0,114.0,113.0,115.0,114.0,114.0,115.0,115.0,113.0,113.0,114.0,115.0,114.0,113.0,114.0,112.0,113.0,114.0,114.0,113.0,113.0,114.0,115.0,115.0,116.0,115.0,114.0,113.0,113.0,114.0,114.0,114.0,113.0,113.0,114.0,114.0,113.0,113.0,113.0,113.0,113.0,115.0,114.0,112.0,115.0,116.0,113.0,2021-07-01
79,2021-08-01,112.0,114.0,113.0,113.0,112.0,113.0,112.0,111.0,112.0,113.0,113.0,113.0,111.0,111.0,113.0,112.0,112.0,112.0,112.0,112.0,111.0,112.0,112.0,112.0,112.0,113.0,112.0,112.0,113.0,111.0,113.0,113.0,112.0,113.0,114.0,113.0,112.0,112.0,113.0,113.0,111.0,113.0,112.0,111.0,113.0,112.0,113.0,113.0,112.0,112.0,112.0,112.0,112.0,113.0,113.0,111.0,112.0,112.0,114.0,112.0,113.0,111.0,113.0,111.0,113.0,113.0,112.0,113.0,111.0,112.0,111.0,113.0,112.0,113.0,111.0,112.0,112.0,113.0,111.0,112.0,111.0,112.0,112.0,112.0,112.0,111.5,112.0,112.0,112.0,112.0,113.0,113.0,112.0,112.0,114.0,111.0,113.0,112.0,114.0,113.0,113.0,112.0,112.0,114.0,112.0,113.0,113.0,112.0,112.0,112.0,111.0,113.0,113.0,113.0,112.0,113.0,112.0,112.0,113.0,112.0,112.0,113.0,112.0,112.0,111.0,112.0,113.0,112.0,112.0,113.0,113.0,112.0,112.0,112.0,113.0,113.0,112.0,112.0,113.0,113.0,112.0,114.0,112.0,114.0,111.0,113.0,2021-08-01
80,2021-09-01,109.0,109.0,111.0,110.0,112.0,111.0,110.0,109.0,111.0,109.0,109.0,109.0,109.0,110.0,111.0,109.0,110.0,111.0,110.0,111.0,110.0,110.0,110.0,109.0,110.0,111.0,109.0,112.0,109.0,109.0,112.0,110.0,110.0,110.0,111.0,110.0,112.0,110.0,110.0,110.0,110.0,110.0,111.0,111.0,110.0,110.0,109.0,112.0,110.0,109.0,110.0,109.0,111.0,111.0,110.0,110.0,111.0,109.0,112.0,110.0,110.0,110.0,110.0,109.0,111.0,112.0,111.0,110.0,110.0,110.0,109.0,110.0,111.0,111.0,109.0,109.0,111.0,110.0,111.0,110.0,109.0,109.0,109.0,110.0,110.0,109.5,109.0,111.0,110.0,109.0,110.0,109.0,110.0,110.0,111.0,110.0,110.0,110.0,113.0,110.0,110.0,110.0,111.0,112.0,110.0,110.0,110.0,109.0,111.0,109.0,110.0,112.0,112.0,111.0,111.0,111.0,110.0,111.0,109.0,110.0,110.0,110.0,111.0,111.0,111.0,110.0,109.0,109.0,110.0,110.0,110.0,110.0,111.0,110.0,110.0,111.0,112.0,109.0,109.0,110.0,110.0,113.0,111.0,110.0,110.0,109.0,2021-09-01
81,2021-10-01,110.0,110.0,110.0,110.0,110.0,110.0,110.0,110.0,110.0,109.0,108.0,110.0,111.0,110.0,110.0,109.0,110.0,111.0,110.0,110.0,110.0,109.0,110.0,109.0,110.0,110.0,110.0,110.0,110.0,111.0,110.0,110.0,110.0,109.0,110.0,110.0,110.0,110.0,110.0,110.0,110.0,110.0,110.0,110.0,110.0,110.0,110.0,110.0,109.0,110.0,110.0,110.0,110.0,111.0,110.0,110.0,110.0,110.0,111.0,110.0,110.0,110.0,109.0,109.0,110.0,110.0,110.0,110.0,110.0,110.0,110.0,109.0,110.0,110.0,109.0,110.0,110.0,110.0,110.0,109.0,110.0,109.0,109.0,111.0,109.0,110.0,110.0,110.0,109.0,110.0,110.0,110.0,111.0,110.0,110.0,111.0,110.0,110.0,111.0,110.0,110.0,110.0,110.0,110.0,110.0,110.0,110.0,110.0,110.0,110.0,110.0,111.0,110.0,110.0,110.0,110.0,110.0,110.0,109.0,110.0,110.0,110.0,110.0,111.0,110.0,110.0,110.0,110.0,110.0,110.0,110.0,110.0,111.0,110.0,110.0,110.0,110.0,109.0,110.0,109.0,110.0,110.0,110.0,110.0,110.0,110.0,2021-10-01
82,2021-11-01,100.0,100.0,101.0,101.0,99.0,100.0,100.0,100.0,100.0,100.0,100.0,101.0,101.0,100.0,100.0,100.0,100.0,101.0,100.0,101.0,101.0,100.0,101.0,100.0,101.0,101.0,100.0,99.0,100.0,101.0,99.0,101.0,101.0,100.0,100.0,100.0,99.0,100.0,100.0,101.0,101.0,101.0,98.0,100.0,100.0,100.0,101.0,100.0,100.0,100.0,99.0,100.0,100.0,100.0,100.0,100.0,100.0,101.0,100.0,100.0,100.0,100.0,100.0,100.0,100.0,99.0,102.0,101.0,100.0,101.0,100.0,100.0,99.0,99.0,100.0,99.0,98.0,100.0,100.0,100.0,101.0,100.0,100.0,101.0,100.0,100.5,101.0,100.0,100.0,100.0,101.0,100.0,101.0,100.0,101.0,100.0,101.0,101.0,99.0,101.0,101.0,100.0,101.0,99.0,101.0,101.0,100.0,100.0,99.0,100.0,102.0,100.0,99.0,99.0,99.0,99.0,101.0,101.0,100.0,100.0,100.0,100.0,101.0,100.0,101.0,102.0,100.0,101.0,100.0,101.0,101.0,100.0,100.0,101.0,100.0,99.0,100.0,100.0,100.0,100.0,102.0,99.0,99.0,100.0,100.0,100.0,2021-11-01
83,2021-12-01,97.0,98.0,98.0,98.0,98.0,99.0,97.0,97.0,98.0,98.0,98.0,98.0,97.0,97.0,97.0,99.0,98.0,98.0,97.0,97.0,98.0,100.0,98.0,98.0,98.0,98.0,97.0,98.0,98.0,97.0,99.0,98.0,98.0,100.0,99.0,98.0,98.0,97.0,97.0,98.0,98.0,98.0,98.0,98.0,97.0,100.0,98.0,98.0,100.0,97.0,98.0,97.0,98.0,98.0,98.0,98.0,97.0,97.0,98.0,98.0,98.0,98.0,99.0,99.0,98.0,98.0,98.0,98.0,97.0,97.0,99.0,99.0,98.0,98.0,99.0,97.0,98.0,99.0,98.0,99.0,98.0,99.0,99.0,97.0,99.0,98.0,98.0,99.0,100.0,97.0,98.0,98.0,97.0,98.0,98.0,98.0,99.0,98.0,98.0,98.0,98.0,97.0,98.0,98.0,99.0,99.0,98.0,97.0,97.0,97.0,98.0,97.0,98.0,97.0,97.0,97.0,97.0,98.0,99.0,97.0,99.0,97.0,97.0,97.0,98.0,98.0,99.0,98.0,98.0,98.0,98.0,97.0,97.0,98.0,98.0,98.0,98.0,99.0,97.0,100.0,98.0,98.0,98.0,97.0,98.0,97.0,2021-12-01
