x,y,z
74.00138153,21.87317794,4.1886263
74.11620136,21.87317794,3.0913982
74.23102119,21.87317794,3.0913982
74.34584102,21.87317794,4.527487
74.46066085,21.87317794,6.681919
73.88656169,21.75835811,4.1983986
74.00138153,21.75835811,3.4519126
74.11620136,21.75835811,2.9270973
74.23102119,21.75835811,2.9270973
74.34584102,21.75835811,3.950414
74.46066085,21.75835811,5.9780345
77.44597648,21.75835811,2.3288963
73.88656169,21.64353827,6.3343744
74.00138153,21.64353827,2.7214613
74.11620136,21.64353827,3.6369252
74.23102119,21.64353827,3.6369252
74.34584102,21.64353827,5.373719
74.46066085,21.64353827,2.6082983
74.57548068,21.64353827,2.5558934
76.98669715,21.64353827,2.4893095
77.10151698,21.64353827,2.7004547
77.21633681,21.64353827,2.257778
77.33115665,21.64353827,2.257778
77.44597648,21.64353827,2.6253686
77.56079631,21.64353827,2.3877237
79.16827395,21.64353827,1.7824562
79.28309378,21.64353827,1.7824562
79.39791362,21.64353827,2.54
73.88656169,21.52871844,3.9429283
74.34584102,21.52871844,4.7494097
74.46066085,21.52871844,3.0086331
74.57548068,21.52871844,3.386518
74.69030052,21.52871844,3.4821696
74.80512035,21.52871844,3.4821696
74.91994018,21.52871844,2.6730938
75.03476001,21.52871844,2.4152517
76.87187732,21.52871844,2.2620819
76.98669715,21.52871844,2.3228943
77.10151698,21.52871844,2.2698784
77.21633681,21.52871844,2.257778
77.33115665,21.52871844,2.257778
78.2497153,21.52871844,2.9292173
78.36453513,21.52871844,3.1423867
78.93863429,21.52871844,3.2339501
79.05345412,21.52871844,2.71815
79.16827395,21.52871844,2.71815
79.28309378,21.52871844,3.3264742
79.39791362,21.52871844,2.9806623
79.51273345,21.52871844,3.259831
79.62755328,21.52871844,3.1446788
79.74237311,21.52871844,3.4315019
79.85719294,21.52871844,3.4315019
79.97201277,21.52871844,2.6945894
80.08683261,21.52871844,2.54
80.20165244,21.52871844,2.8079023
80.31647227,21.52871844,2.5818815
74.11620136,21.41389861,3.3903666
74.23102119,21.41389861,3.3903666
74.34584102,21.41389861,3.5224438
74.46066085,21.41389861,6.893429
74.57548068,21.41389861,4.7397895
74.69030052,21.41389861,2.5407228
74.80512035,21.41389861,2.5407228
74.91994018,21.41389861,3.0458517
75.03476001,21.41389861,3.307416
75.14957984,21.41389861,2.4190476
76.75705749,21.41389861,3.2827072
76.87187732,21.41389861,2.4603305
76.98669715,21.41389861,3.2346363
77.10151698,21.41389861,2.4085598
77.21633681,21.41389861,6.5727363
77.33115665,21.41389861,6.5727363
77.44597648,21.41389861,2.9749806
78.02007564,21.41389861,3.6439977
78.13489547,21.41389861,3.1829526
78.2497153,21.41389861,3.1533713
78.36453513,21.41389861,2.7425933
78.47935496,21.41389861,2.2364798
78.59417479,21.41389861,2.2364798
78.70899463,21.41389861,1.7824562
78.82381446,21.41389861,2.6411018
78.93863429,21.41389861,2.54
79.05345412,21.41389861,2.7879639
79.16827395,21.41389861,2.7879639
79.28309378,21.41389861,2.5469122
79.39791362,21.41389861,2.54
79.51273345,21.41389861,3.2652235
79.62755328,21.41389861,2.54
79.74237311,21.41389861,2.953764
79.85719294,21.41389861,2.953764
79.97201277,21.41389861,3.5644279
80.08683261,21.41389861,2.5899096
80.20165244,21.41389861,2.8350022
80.31647227,21.41389861,2.54
74.00138153,21.29907878,3.5940762
74.11620136,21.29907878,4.5727353
74.23102119,21.29907878,4.5727353
74.34584102,21.29907878,2.8435328
74.46066085,21.29907878,2.7841043
74.57548068,21.29907878,3.6076655
74.69030052,21.29907878,3.6223865
74.80512035,21.29907878,3.6223865
74.91994018,21.29907878,2.6902728
75.03476001,21.29907878,2.9677844
75.14957984,21.29907878,2.587041
75.26439967,21.29907878,2.8797517
75.37921951,21.29907878,2.4768176
75.49403934,21.29907878,2.4768176
75.60885917,21.29907878,4.1360607
75.723679,21.29907878,3.976119
75.83849883,21.29907878,3.8167162
75.95331866,21.29907878,2.4291077
76.0681385,21.29907878,2.4291077
76.75705749,21.29907878,2.382677
76.87187732,21.29907878,3.5080729
76.98669715,21.29907878,6.1969504
77.10151698,21.29907878,4.589807
77.21633681,21.29907878,4.413395
77.33115665,21.29907878,4.413395
77.44597648,21.29907878,2.8063254
77.56079631,21.29907878,2.5454254
77.67561614,21.29907878,2.577468
77.79043597,21.29907878,3.0034966
77.9052558,21.29907878,3.0034966
78.02007564,21.29907878,2.8683226
78.13489547,21.29907878,2.5657423
78.2497153,21.29907878,2.8519223
78.36453513,21.29907878,2.5684013
78.47935496,21.29907878,3.0658827
78.59417479,21.29907878,3.0658827
78.70899463,21.29907878,2.027381
78.82381446,21.29907878,2.54
78.93863429,21.29907878,2.5807872
79.05345412,21.29907878,3.2029548
79.16827395,21.29907878,3.2029548
79.28309378,21.29907878,2.915525
79.39791362,21.29907878,2.8930538
79.51273345,21.29907878,3.138927
79.62755328,21.29907878,2.69952
79.74237311,21.29907878,2.9371603
79.85719294,21.29907878,2.9371603
79.97201277,21.29907878,2.2898378
80.08683261,21.29907878,2.2963185
80.20165244,21.29907878,4.4141912
80.31647227,21.29907878,3.0364506
80.4312921,21.29907878,3.0364506
80.54611193,21.29907878,2.54
80.66093176,21.29907878,2.2613375
73.88656169,21.18425895,3.4486527
74.00138153,21.18425895,3.766672
74.11620136,21.18425895,5.243249
74.23102119,21.18425895,5.243249
74.34584102,21.18425895,3.1114504
74.46066085,21.18425895,2.8724017
74.57548068,21.18425895,2.6503944
74.69030052,21.18425895,3.1773925
74.80512035,21.18425895,3.1773925
74.91994018,21.18425895,2.5547843
75.03476001,21.18425895,3.071387
75.14957984,21.18425895,2.5426204
75.26439967,21.18425895,2.9329615
75.37921951,21.18425895,3.1591182
75.49403934,21.18425895,3.1591182
75.60885917,21.18425895,2.839355
75.723679,21.18425895,2.8953009
75.83849883,21.18425895,3.1054804
75.95331866,21.18425895,2.6878555
76.0681385,21.18425895,2.6878555
76.52741782,21.18425895,3.0572958
76.64223766,21.18425895,3.028478
76.75705749,21.18425895,3.028478
76.87187732,21.18425895,3.2471013
76.98669715,21.18425895,2.5442119
77.10151698,21.18425895,3.2182531
77.21633681,21.18425895,2.54
77.33115665,21.18425895,2.54
77.44597648,21.18425895,3.156289
77.56079631,21.18425895,3.0985665
77.67561614,21.18425895,3.6118453
77.79043597,21.18425895,3.3859658
77.9052558,21.18425895,3.3859658
78.02007564,21.18425895,3.1409097
78.13489547,21.18425895,2.8243413
78.2497153,21.18425895,2.7096353
78.36453513,21.18425895,3.4344168
78.47935496,21.18425895,3.5148401
78.59417479,21.18425895,3.5148401
78.70899463,21.18425895,1.9331157
78.82381446,21.18425895,3.1066449
78.93863429,21.18425895,2.7390082
79.05345412,21.18425895,3.4497576
79.16827395,21.18425895,3.4497576
79.28309378,21.18425895,2.9723973
79.39791362,21.18425895,3.198464
79.51273345,21.18425895,2.6617947
79.62755328,21.18425895,3.2420492
79.74237311,21.18425895,2.549624
79.85719294,21.18425895,2.549624
79.97201277,21.18425895,2.54
80.08683261,21.18425895,2.7112155
80.20165244,21.18425895,2.5262928
80.31647227,21.18425895,3.07927
80.4312921,21.18425895,3.07927
73.88656169,21.06943912,2.8160715
74.00138153,21.06943912,5.814518
74.11620136,21.06943912,4.856572
74.23102119,21.06943912,4.856572
74.34584102,21.06943912,4.6272707
74.46066085,21.06943912,3.7189069
74.57548068,21.06943912,2.947341
74.69030052,21.06943912,2.9686131
74.80512035,21.06943912,2.9686131
74.91994018,21.06943912,3.0363646
75.03476001,21.06943912,2.6613646
75.14957984,21.06943912,3.0134587
75.26439967,21.06943912,3.0245175
75.37921951,21.06943912,2.8904178
75.49403934,21.06943912,2.8904178
75.60885917,21.06943912,2.5434842
75.723679,21.06943912,3.2417269
75.83849883,21.06943912,3.017607
75.95331866,21.06943912,3.0724144
76.0681385,21.06943912,3.0724144
76.18295833,21.06943912,3.2064528
76.29777816,21.06943912,3.9387543
76.41259799,21.06943912,2.7501168
76.52741782,21.06943912,3.0010796
76.64223766,21.06943912,2.8800101
76.75705749,21.06943912,2.8800101
76.87187732,21.06943912,3.6114063
76.98669715,21.06943912,4.086882
77.10151698,21.06943912,2.5953355
77.21633681,21.06943912,2.7014234
77.33115665,21.06943912,2.7014234
77.44597648,21.06943912,2.8262513
77.56079631,21.06943912,3.7102265
77.67561614,21.06943912,2.8257833
77.79043597,21.06943912,3.4558043
77.9052558,21.06943912,3.4558043
78.02007564,21.06943912,2.7763367
78.13489547,21.06943912,3.0612445
78.2497153,21.06943912,2.592803
78.36453513,21.06943912,2.4439402
78.47935496,21.06943912,3.5228357
78.59417479,21.06943912,3.5228357
78.70899463,21.06943912,1.794359
78.82381446,21.06943912,3.5558288
78.93863429,21.06943912,2.9627466
79.05345412,21.06943912,3.20813
79.16827395,21.06943912,3.20813
79.28309378,21.06943912,4.112833
79.39791362,21.06943912,3.8129
79.51273345,21.06943912,2.9320455
79.62755328,21.06943912,2.8938537
79.74237311,21.06943912,2.54
79.85719294,21.06943912,2.54
79.97201277,21.06943912,2.6290529
80.08683261,21.06943912,3.0385041
80.20165244,21.06943912,1.7824562
80.31647227,21.06943912,2.6604652
80.4312921,21.06943912,2.6604652
74.00138153,20.95461928,3.6198611
74.11620136,20.95461928,3.1415758
74.23102119,20.95461928,3.1415758
74.34584102,20.95461928,2.3090909
74.46066085,20.95461928,2.6464825
74.57548068,20.95461928,3.4577136
74.69030052,20.95461928,2.70407
74.80512035,20.95461928,2.70407
74.91994018,20.95461928,3.0414238
75.03476001,20.95461928,3.0151944
75.14957984,20.95461928,2.6007142
75.26439967,20.95461928,3.1901202
75.37921951,20.95461928,2.6596918
75.49403934,20.95461928,2.6596918
75.60885917,20.95461928,2.7308512
75.723679,20.95461928,2.54
75.83849883,20.95461928,3.0263686
75.95331866,20.95461928,2.695007
76.0681385,20.95461928,2.695007
76.18295833,20.95461928,3.724321
76.29777816,20.95461928,4.0355186
76.41259799,20.95461928,3.3593545
76.52741782,20.95461928,3.3447084
76.64223766,20.95461928,2.932713
76.75705749,20.95461928,2.932713
76.87187732,20.95461928,3.1718206
76.98669715,20.95461928,2.9186082
77.10151698,20.95461928,2.5978055
77.21633681,20.95461928,2.9909377
77.33115665,20.95461928,2.9909377
77.44597648,20.95461928,3.587257
77.56079631,20.95461928,5.1142025
77.67561614,20.95461928,2.7958052
77.79043597,20.95461928,4.319048
77.9052558,20.95461928,4.319048
78.02007564,20.95461928,2.795136
78.13489547,20.95461928,2.545625
78.2497153,20.95461928,3.6110692
78.36453513,20.95461928,2.9780805
78.47935496,20.95461928,1.8726301
78.59417479,20.95461928,1.8726301
78.70899463,20.95461928,2.0261915
78.82381446,20.95461928,3.3678336
78.93863429,20.95461928,2.5478234
79.05345412,20.95461928,3.1420512
79.16827395,20.95461928,3.1420512
79.28309378,20.95461928,2.9893136
79.39791362,20.95461928,2.6382155
79.51273345,20.95461928,3.880355
79.62755328,20.95461928,3.2627194
79.74237311,20.95461928,2.961757
79.85719294,20.95461928,2.961757
79.97201277,20.95461928,3.039216
80.08683261,20.95461928,2.638555
80.20165244,20.95461928,1.7824562
80.31647227,20.95461928,2.6377547
80.4312921,20.95461928,2.6377547
74.00138153,20.83979945,6.3094554
74.11620136,20.83979945,4.4407988
74.23102119,20.83979945,4.4407988
74.34584102,20.83979945,7.1185613
74.46066085,20.83979945,3.8618371
74.57548068,20.83979945,2.9657626
74.69030052,20.83979945,3.3743896
74.80512035,20.83979945,3.3743896
74.91994018,20.83979945,2.8867397
75.03476001,20.83979945,2.54
75.14957984,20.83979945,2.7204237
75.26439967,20.83979945,2.9758172
75.37921951,20.83979945,2.5654511
75.49403934,20.83979945,2.5654511
75.60885917,20.83979945,3.0346634
75.723679,20.83979945,2.8289204
75.83849883,20.83979945,2.831355
75.95331866,20.83979945,2.886557
76.0681385,20.83979945,2.886557
76.18295833,20.83979945,2.9787548
76.29777816,20.83979945,3.413566
76.41259799,20.83979945,2.7395597
76.52741782,20.83979945,3.2391474
76.64223766,20.83979945,2.7216017
76.75705749,20.83979945,2.7216017
76.87187732,20.83979945,3.6313522
76.98669715,20.83979945,2.802858
77.10151698,20.83979945,2.8723059
77.21633681,20.83979945,3.0859594
77.33115665,20.83979945,3.0859594
77.44597648,20.83979945,2.8757472
77.56079631,20.83979945,2.8689637
77.67561614,20.83979945,4.888299
77.79043597,20.83979945,2.824771
77.9052558,20.83979945,2.824771
78.02007564,20.83979945,2.7272768
78.13489547,20.83979945,2.6926308
78.2497153,20.83979945,2.54
78.36453513,20.83979945,2.9667072
78.47935496,20.83979945,2.1479144
78.59417479,20.83979945,2.1479144
78.70899463,20.83979945,2.3696434
78.82381446,20.83979945,3.3516567
78.93863429,20.83979945,2.6237047
79.05345412,20.83979945,2.8624768
79.16827395,20.83979945,2.8624768
79.28309378,20.83979945,2.6528988
79.39791362,20.83979945,1.7882085
79.51273345,20.83979945,3.826169
79.62755328,20.83979945,2.54
79.74237311,20.83979945,3.176237
79.85719294,20.83979945,3.176237
79.97201277,20.83979945,4.4939575
80.08683261,20.83979945,2.6589282
80.20165244,20.83979945,1.8580233
80.31647227,20.83979945,2.280357
80.4312921,20.83979945,2.280357
80.54611193,20.83979945,2.5350938
73.88656169,20.72497962,5.1779995
74.00138153,20.72497962,6.4631996
74.11620136,20.72497962,4.137767
74.23102119,20.72497962,4.137767
74.34584102,20.72497962,4.0527887
74.46066085,20.72497962,6.3233323
74.57548068,20.72497962,2.7539158
74.69030052,20.72497962,2.6869764
74.80512035,20.72497962,2.6869764
74.91994018,20.72497962,2.99092
75.03476001,20.72497962,2.809025
75.14957984,20.72497962,2.9832249
75.26439967,20.72497962,2.7155373
75.37921951,20.72497962,3.1010518
75.49403934,20.72497962,3.1010518
75.60885917,20.72497962,2.8190567
75.723679,20.72497962,4.634984
75.83849883,20.72497962,2.7046685
75.95331866,20.72497962,2.6348295
76.0681385,20.72497962,2.6348295
76.18295833,20.72497962,2.8830514
76.29777816,20.72497962,3.3285642
76.41259799,20.72497962,3.1257076
76.52741782,20.72497962,3.8534908
76.64223766,20.72497962,4.6939464
76.75705749,20.72497962,4.6939464
76.87187732,20.72497962,4.386403
76.98669715,20.72497962,4.0452824
77.10151698,20.72497962,3.1393495
77.21633681,20.72497962,2.6226633
77.33115665,20.72497962,2.6226633
77.44597648,20.72497962,3.0606306
77.56079631,20.72497962,2.8762784
77.67561614,20.72497962,2.5924082
77.79043597,20.72497962,3.286612
77.9052558,20.72497962,3.286612
78.02007564,20.72497962,2.9569907
78.13489547,20.72497962,3.110546
78.2497153,20.72497962,5.5393925
78.36453513,20.72497962,3.0471325
78.47935496,20.72497962,3.9969904
78.59417479,20.72497962,3.9969904
78.70899463,20.72497962,3.1487908
78.82381446,20.72497962,2.8472428
78.93863429,20.72497962,3.049576
79.05345412,20.72497962,2.6663861
79.16827395,20.72497962,2.6663861
79.28309378,20.72497962,2.7900233
79.39791362,20.72497962,1.8253784
79.51273345,20.72497962,1.7972182
79.62755328,20.72497962,2.975493
79.74237311,20.72497962,2.598467
79.85719294,20.72497962,2.598467
79.97201277,20.72497962,2.54
80.08683261,20.72497962,2.5593102
80.20165244,20.72497962,1.7969356
80.31647227,20.72497962,1.8389635
80.4312921,20.72497962,1.8389635
80.54611193,20.72497962,2.818429
73.42728237,20.61015979,2.7170162
73.5421022,20.61015979,2.7170162
73.88656169,20.61015979,6.4685736
74.00138153,20.61015979,4.56544
74.11620136,20.61015979,3.2044058
74.23102119,20.61015979,3.2044058
74.34584102,20.61015979,2.7789936
74.46066085,20.61015979,2.877574
74.57548068,20.61015979,3.1001365
74.69030052,20.61015979,2.8445158
74.80512035,20.61015979,2.8445158
74.91994018,20.61015979,2.54
75.03476001,20.61015979,3.0934734
75.14957984,20.61015979,2.7134223
75.26439967,20.61015979,2.3498826
75.37921951,20.61015979,3.3034325
75.49403934,20.61015979,3.3034325
75.60885917,20.61015979,2.9675107
75.723679,20.61015979,3.005789
75.83849883,20.61015979,3.842679
75.95331866,20.61015979,4.3487034
76.0681385,20.61015979,4.3487034
76.18295833,20.61015979,3.100504
76.29777816,20.61015979,3.2801685
76.41259799,20.61015979,3.2051682
76.52741782,20.61015979,3.0401993
76.64223766,20.61015979,3.0374358
76.75705749,20.61015979,3.0374358
76.87187732,20.61015979,3.4182959
76.98669715,20.61015979,2.6556518
77.10151698,20.61015979,2.793283
77.21633681,20.61015979,2.7756474
77.33115665,20.61015979,2.7756474
77.44597648,20.61015979,4.4006696
77.56079631,20.61015979,4.1405573
77.67561614,20.61015979,3.3980207
77.79043597,20.61015979,4.639997
77.9052558,20.61015979,4.639997
78.02007564,20.61015979,3.8373613
78.13489547,20.61015979,3.4547944
78.2497153,20.61015979,2.955777
78.36453513,20.61015979,2.5518749
78.47935496,20.61015979,5.64002
78.59417479,20.61015979,5.64002
78.70899463,20.61015979,5.1718574
78.82381446,20.61015979,5.7281303
78.93863429,20.61015979,3.6688738
79.05345412,20.61015979,2.6958256
79.16827395,20.61015979,2.6958256
79.28309378,20.61015979,2.4763536
79.39791362,20.61015979,2.1512065
79.51273345,20.61015979,2.016079
79.62755328,20.61015979,3.045992
79.74237311,20.61015979,3.3913789
79.85719294,20.61015979,3.3913789
79.97201277,20.61015979,3.207015
80.08683261,20.61015979,2.54
80.20165244,20.61015979,1.9753995
80.31647227,20.61015979,2.01621
80.4312921,20.61015979,2.01621
73.5421022,20.49533996,3.1241908
73.65692203,20.49533996,5.554466
73.77174186,20.49533996,5.4616246
73.88656169,20.49533996,3.5228379
74.00138153,20.49533996,3.1718097
74.11620136,20.49533996,3.2008052
74.23102119,20.49533996,3.2008052
74.34584102,20.49533996,2.5645351
74.46066085,20.49533996,3.6584191
74.57548068,20.49533996,2.5842419
74.69030052,20.49533996,2.710823
74.80512035,20.49533996,2.710823
74.91994018,20.49533996,3.0648022
75.03476001,20.49533996,3.16784
75.14957984,20.49533996,2.5469174
75.26439967,20.49533996,3.1921287
75.37921951,20.49533996,3.260567
75.49403934,20.49533996,3.260567
75.60885917,20.49533996,5.9549723
75.723679,20.49533996,3.4608603
75.83849883,20.49533996,4.378604
75.95331866,20.49533996,5.0604467
76.0681385,20.49533996,5.0604467
76.18295833,20.49533996,4.4539437
76.29777816,20.49533996,3.47405
76.41259799,20.49533996,3.4548726
76.52741782,20.49533996,3.7662663
76.64223766,20.49533996,2.5685797
76.75705749,20.49533996,2.5685797
76.87187732,20.49533996,3.3817468
76.98669715,20.49533996,4.543986
77.10151698,20.49533996,3.5047464
77.21633681,20.49533996,2.5629606
77.33115665,20.49533996,2.5629606
77.44597648,20.49533996,3.2902203
77.56079631,20.49533996,3.1886506
77.67561614,20.49533996,3.7107658
77.79043597,20.49533996,3.1443038
77.9052558,20.49533996,3.1443038
78.02007564,20.49533996,4.6406355
78.13489547,20.49533996,3.465948
78.2497153,20.49533996,3.3579192
78.36453513,20.49533996,2.54
78.47935496,20.49533996,2.54
78.59417479,20.49533996,2.54
78.70899463,20.49533996,2.8332582
78.82381446,20.49533996,2.54
78.93863429,20.49533996,3.666257
79.05345412,20.49533996,3.4329643
79.16827395,20.49533996,3.4329643
79.28309378,20.49533996,2.8293018
79.39791362,20.49533996,2.1876984
79.51273345,20.49533996,1.8381044
79.62755328,20.49533996,2.7242393
79.74237311,20.49533996,2.6575494
79.85719294,20.49533996,2.6575494
79.97201277,20.49533996,3.7200205
80.08683261,20.49533996,2.5653484
80.20165244,20.49533996,1.9694402
80.31647227,20.49533996,1.7886677
80.4312921,20.49533996,1.7886677
80.54611193,20.49533996,2.0423234
73.42728237,20.38052013,3.742609
73.5421022,20.38052013,3.742609
73.65692203,20.38052013,3.3430672
73.77174186,20.38052013,6.3359375
73.88656169,20.38052013,4.041285
74.00138153,20.38052013,4.458826
74.11620136,20.38052013,4.407901
74.23102119,20.38052013,4.407901
74.34584102,20.38052013,2.704961
74.46066085,20.38052013,2.873921
74.57548068,20.38052013,3.7488558
74.69030052,20.38052013,2.8122334
74.80512035,20.38052013,2.8122334
74.91994018,20.38052013,3.2652636
75.03476001,20.38052013,2.967031
75.14957984,20.38052013,3.089634
75.26439967,20.38052013,2.9844944
75.37921951,20.38052013,4.164633
75.49403934,20.38052013,4.164633
75.60885917,20.38052013,4.3595543
75.723679,20.38052013,4.1042566
75.83849883,20.38052013,5.0372353
75.95331866,20.38052013,4.1889515
76.0681385,20.38052013,4.1889515
76.18295833,20.38052013,2.7028928
76.29777816,20.38052013,4.1279106
76.41259799,20.38052013,3.9005551
76.52741782,20.38052013,3.919893
76.64223766,20.38052013,2.8953083
76.75705749,20.38052013,2.8953083
76.87187732,20.38052013,3.112532
76.98669715,20.38052013,2.5864425
77.10151698,20.38052013,3.163683
77.21633681,20.38052013,3.1835074
77.33115665,20.38052013,3.1835074
77.44597648,20.38052013,3.361024
77.56079631,20.38052013,3.9714756
77.67561614,20.38052013,3.0314355
77.79043597,20.38052013,4.3267183
77.9052558,20.38052013,4.3267183
78.02007564,20.38052013,3.530216
78.13489547,20.38052013,4.4304647
78.2497153,20.38052013,3.2976465
78.36453513,20.38052013,4.166853
78.47935496,20.38052013,2.9802885
78.59417479,20.38052013,2.9802885
78.70899463,20.38052013,3.0866618
78.82381446,20.38052013,3.6899595
78.93863429,20.38052013,4.3993855
79.05345412,20.38052013,3.8473034
79.16827395,20.38052013,3.8473034
79.28309378,20.38052013,2.1362777
79.39791362,20.38052013,2.6020265
79.51273345,20.38052013,2.2453585
79.62755328,20.38052013,2.664143
79.74237311,20.38052013,2.54
79.85719294,20.38052013,2.54
79.97201277,20.38052013,2.8685005
80.08683261,20.38052013,2.9094706
80.20165244,20.38052013,2.1020405
80.31647227,20.38052013,1.8287055
80.4312921,20.38052013,1.8287055
80.54611193,20.38052013,1.9984772
73.42728237,20.26570029,3.4224982
73.5421022,20.26570029,3.4224982
73.65692203,20.26570029,5.2278147
73.77174186,20.26570029,2.8017945
73.88656169,20.26570029,4.625206
74.00138153,20.26570029,2.8803425
74.11620136,20.26570029,5.138156
74.23102119,20.26570029,5.138156
74.34584102,20.26570029,5.8073792
74.46066085,20.26570029,4.0820293
74.57548068,20.26570029,2.5758343
74.69030052,20.26570029,4.002129
74.80512035,20.26570029,4.002129
74.91994018,20.26570029,3.1618328
75.03476001,20.26570029,3.0220494
75.14957984,20.26570029,3.544301
75.26439967,20.26570029,6.7399206
75.37921951,20.26570029,5.362687
75.49403934,20.26570029,5.362687
75.60885917,20.26570029,4.981634
75.723679,20.26570029,3.5603256
75.83849883,20.26570029,4.7893567
75.95331866,20.26570029,3.717002
76.0681385,20.26570029,3.717002
76.18295833,20.26570029,4.976406
76.29777816,20.26570029,5.3943996
76.41259799,20.26570029,4.9553404
76.52741782,20.26570029,5.5600443
76.64223766,20.26570029,4.63178
76.75705749,20.26570029,4.63178
76.87187732,20.26570029,2.73278
76.98669715,20.26570029,3.0109491
77.10151698,20.26570029,3.990542
77.21633681,20.26570029,3.3368964
77.33115665,20.26570029,3.3368964
77.44597648,20.26570029,2.6646843
77.56079631,20.26570029,5.0930433
77.67561614,20.26570029,2.719132
77.79043597,20.26570029,2.936006
77.9052558,20.26570029,2.936006
78.02007564,20.26570029,3.0434535
78.13489547,20.26570029,3.2138162
78.2497153,20.26570029,2.591061
78.36453513,20.26570029,4.9449296
78.47935496,20.26570029,4.274867
78.59417479,20.26570029,4.274867
78.70899463,20.26570029,3.0732026
78.82381446,20.26570029,2.54
78.93863429,20.26570029,3.715971
79.05345412,20.26570029,3.8309765
79.16827395,20.26570029,3.8309765
79.28309378,20.26570029,1.9169812
79.39791362,20.26570029,1.8835472
79.51273345,20.26570029,1.8394747
79.62755328,20.26570029,2.54
79.74237311,20.26570029,2.6183746
79.85719294,20.26570029,2.6183746
79.97201277,20.26570029,2.9129477
80.08683261,20.26570029,2.8099408
80.20165244,20.26570029,1.8532157
80.31647227,20.26570029,1.8723698
80.4312921,20.26570029,1.8723698
72.85318321,20.15088046,2.0718188
72.96800304,20.15088046,2.0718188
73.31246254,20.15088046,2.9739296
73.42728237,20.15088046,2.876052
73.5421022,20.15088046,2.876052
73.65692203,20.15088046,5.5974073
73.77174186,20.15088046,4.225954
73.88656169,20.15088046,3.3563957
74.00138153,20.15088046,2.9241226
74.11620136,20.15088046,3.1295805
74.23102119,20.15088046,3.1295805
74.34584102,20.15088046,3.679689
74.46066085,20.15088046,3.7573338
74.57548068,20.15088046,3.8767104
74.69030052,20.15088046,3.3603857
74.80512035,20.15088046,3.3603857
74.91994018,20.15088046,3.6496053
75.03476001,20.15088046,4.9259033
75.14957984,20.15088046,2.786313
75.26439967,20.15088046,4.162154
75.37921951,20.15088046,3.4953594
75.49403934,20.15088046,3.4953594
75.60885917,20.15088046,5.7437077
75.723679,20.15088046,4.6018057
75.83849883,20.15088046,2.5445457
75.95331866,20.15088046,4.5321417
76.0681385,20.15088046,4.5321417
76.18295833,20.15088046,2.685883
76.29777816,20.15088046,4.626484
76.41259799,20.15088046,4.133931
76.52741782,20.15088046,5.7186184
76.64223766,20.15088046,5.002101
76.75705749,20.15088046,5.002101
76.87187732,20.15088046,4.6303263
76.98669715,20.15088046,3.305077
77.10151698,20.15088046,3.749011
77.21633681,20.15088046,3.4514794
77.33115665,20.15088046,3.4514794
77.44597648,20.15088046,4.183562
77.56079631,20.15088046,2.1174316
77.67561614,20.15088046,2.6633053
77.79043597,20.15088046,2.9968834
77.9052558,20.15088046,2.9968834
78.02007564,20.15088046,2.54
78.13489547,20.15088046,2.6008575
78.2497153,20.15088046,2.6524937
78.36453513,20.15088046,2.6587062
78.47935496,20.15088046,4.076706
78.59417479,20.15088046,4.076706
78.70899463,20.15088046,3.1019592
78.82381446,20.15088046,1.9169812
78.93863429,20.15088046,2.2349515
79.05345412,20.15088046,2.3922896
79.16827395,20.15088046,2.3922896
79.28309378,20.15088046,1.9169812
79.39791362,20.15088046,1.9169812
79.51273345,20.15088046,1.9169812
79.62755328,20.15088046,2.4544892
79.74237311,20.15088046,2.0590973
79.85719294,20.15088046,2.0590973
79.97201277,20.15088046,2.82585
80.08683261,20.15088046,2.6667895
80.20165244,20.15088046,3.0144591
80.31647227,20.15088046,2.5272212
72.73836338,20.03606063,1.9885423
72.85318321,20.03606063,1.9879558
72.96800304,20.03606063,1.9879558
73.08282287,20.03606063,2.4257765
73.1976427,20.03606063,4.0453672
73.31246254,20.03606063,2.2824748
73.42728237,20.03606063,3.7271485
73.5421022,20.03606063,3.7271485
73.65692203,20.03606063,5.48419
73.77174186,20.03606063,3.1429396
73.88656169,20.03606063,2.54
74.00138153,20.03606063,2.768037
74.11620136,20.03606063,2.5672913
74.23102119,20.03606063,2.5672913
74.34584102,20.03606063,3.1348877
74.46066085,20.03606063,3.6145022
74.57548068,20.03606063,3.317777
74.69030052,20.03606063,3.7707424
74.80512035,20.03606063,3.7707424
74.91994018,20.03606063,3.1063209
75.03476001,20.03606063,3.995417
75.14957984,20.03606063,3.9716609
75.26439967,20.03606063,4.488755
75.37921951,20.03606063,5.570163
75.49403934,20.03606063,5.570163
75.60885917,20.03606063,4.039712
75.723679,20.03606063,3.106472
75.83849883,20.03606063,3.54428
75.95331866,20.03606063,5.221445
76.0681385,20.03606063,5.221445
76.18295833,20.03606063,6.274173
76.29777816,20.03606063,5.162255
76.41259799,20.03606063,5.736124
76.52741782,20.03606063,3.506548
76.64223766,20.03606063,3.5803828
76.75705749,20.03606063,3.5803828
76.87187732,20.03606063,4.849247
76.98669715,20.03606063,3.8364007
77.10151698,20.03606063,2.5743375
77.21633681,20.03606063,3.9226828
77.33115665,20.03606063,3.9226828
77.44597648,20.03606063,4.42367
77.56079631,20.03606063,2.4865317
77.67561614,20.03606063,2.949244
77.79043597,20.03606063,2.626367
77.9052558,20.03606063,2.626367
78.02007564,20.03606063,2.7899072
78.13489547,20.03606063,2.5742683
78.2497153,20.03606063,2.54
78.36453513,20.03606063,3.0968084
78.47935496,20.03606063,3.7558002
78.59417479,20.03606063,3.7558002
78.70899463,20.03606063,3.4989247
78.82381446,20.03606063,2.3378994
78.93863429,20.03606063,3.2336817
79.05345412,20.03606063,2.2370176
79.16827395,20.03606063,2.2370176
79.28309378,20.03606063,1.9169812
79.39791362,20.03606063,2.000649
79.51273345,20.03606063,2.38954
79.62755328,20.03606063,2.1583736
79.74237311,20.03606063,3.5249267
79.85719294,20.03606063,3.5249267
79.97201277,20.03606063,2.1404052
80.08683261,20.03606063,3.0404136
80.20165244,20.03606063,3.931839
80.31647227,20.03606063,2.257778
80.4312921,20.03606063,2.257778
80.54611193,20.03606063,3.1641526
72.85318321,19.9212408,2.616384
72.96800304,19.9212408,2.616384
73.08282287,19.9212408,2.5848672
73.1976427,19.9212408,5.311428
73.31246254,19.9212408,4.79019
73.42728237,19.9212408,6.688385
73.5421022,19.9212408,6.688385
73.65692203,19.9212408,9.385973
73.77174186,19.9212408,4.665293
73.88656169,19.9212408,2.3410203
74.00138153,19.9212408,3.1393104
74.11620136,19.9212408,2.3869793
74.23102119,19.9212408,2.3869793
74.34584102,19.9212408,3.811934
74.46066085,19.9212408,3.5146234
74.57548068,19.9212408,3.525466
74.69030052,19.9212408,3.2950325
74.80512035,19.9212408,3.2950325
74.91994018,19.9212408,3.562642
75.03476001,19.9212408,2.659227
75.14957984,19.9212408,3.1440473
75.26439967,19.9212408,3.6661677
75.37921951,19.9212408,3.4750514
75.49403934,19.9212408,3.4750514
75.60885917,19.9212408,4.6714787
75.723679,19.9212408,4.151673
75.83849883,19.9212408,4.1318445
75.95331866,19.9212408,2.8500347
76.0681385,19.9212408,2.8500347
76.18295833,19.9212408,4.396757
76.29777816,19.9212408,4.4813676
76.41259799,19.9212408,4.063184
76.52741782,19.9212408,5.1677475
76.64223766,19.9212408,4.8066587
76.75705749,19.9212408,4.8066587
76.87187732,19.9212408,3.323862
76.98669715,19.9212408,5.435834
77.10151698,19.9212408,3.841752
77.21633681,19.9212408,3.1347413
77.33115665,19.9212408,3.1347413
77.44597648,19.9212408,3.619941
77.56079631,19.9212408,1.910892
77.67561614,19.9212408,2.1993585
77.79043597,19.9212408,2.0881727
77.9052558,19.9212408,2.0881727
78.02007564,19.9212408,3.67133
78.13489547,19.9212408,2.8905718
78.2497153,19.9212408,2.875572
78.36453513,19.9212408,3.4826055
78.47935496,19.9212408,2.6392674
78.59417479,19.9212408,2.6392674
78.70899463,19.9212408,3.4788427
78.82381446,19.9212408,4.148438
78.93863429,19.9212408,2.6581361
79.05345412,19.9212408,2.0605168
79.16827395,19.9212408,2.0605168
79.28309378,19.9212408,1.9360976
79.39791362,19.9212408,1.9225528
79.51273345,19.9212408,3.2549267
79.62755328,19.9212408,2.252137
79.74237311,19.9212408,2.3695557
79.85719294,19.9212408,2.3695557
79.97201277,19.9212408,1.9535904
80.08683261,19.9212408,4.701082
80.20165244,19.9212408,3.1377335
80.31647227,19.9212408,3.0960307
72.73836338,19.80642097,2.1676931
72.85318321,19.80642097,2.2509105
72.96800304,19.80642097,2.2509105
73.08282287,19.80642097,2.1320167
73.1976427,19.80642097,3.6875458
73.31246254,19.80642097,2.0772974
73.42728237,19.80642097,3.3027458
73.5421022,19.80642097,3.3027458
73.65692203,19.80642097,3.3941698
73.77174186,19.80642097,3.086152
73.88656169,19.80642097,3.7434936
74.00138153,19.80642097,3.3098693
74.11620136,19.80642097,2.8930588
74.23102119,19.80642097,2.8930588
74.34584102,19.80642097,3.0796406
74.46066085,19.80642097,3.5334907
74.57548068,19.80642097,3.789996
74.69030052,19.80642097,3.958016
74.80512035,19.80642097,3.958016
74.91994018,19.80642097,2.4190476
75.03476001,19.80642097,2.974306
75.14957984,19.80642097,2.54
75.26439967,19.80642097,3.1122713
75.37921951,19.80642097,2.9771972
75.49403934,19.80642097,2.9771972
75.60885917,19.80642097,3.171971
75.723679,19.80642097,2.948663
75.83849883,19.80642097,3.256441
75.95331866,19.80642097,3.3872075
76.0681385,19.80642097,3.3872075
76.18295833,19.80642097,3.933734
76.29777816,19.80642097,2.7712717
76.41259799,19.80642097,4.8470106
76.52741782,19.80642097,4.4892955
76.64223766,19.80642097,3.4784327
76.75705749,19.80642097,3.4784327
76.87187732,19.80642097,5.280017
76.98669715,19.80642097,3.4394498
77.10151698,19.80642097,3.710879
77.21633681,19.80642097,3.8358858
77.33115665,19.80642097,3.8358858
77.44597648,19.80642097,3.7858725
77.56079631,19.80642097,2.54
77.67561614,19.80642097,3.0022597
77.79043597,19.80642097,2.934454
77.9052558,19.80642097,2.934454
78.02007564,19.80642097,2.9682283
78.13489547,19.80642097,1.9297613
78.2497153,19.80642097,1.9160846
78.36453513,19.80642097,2.216447
78.70899463,19.80642097,1.8472726
78.82381446,19.80642097,2.5851731
78.93863429,19.80642097,2.390285
79.05345412,19.80642097,2.528338
79.16827395,19.80642097,2.528338
79.28309378,19.80642097,1.9486434
79.39791362,19.80642097,2.2886448
79.51273345,19.80642097,2.0434737
79.62755328,19.80642097,2.7236047
79.74237311,19.80642097,1.9295878
79.85719294,19.80642097,1.9295878
79.97201277,19.80642097,2.0891523
80.08683261,19.80642097,3.2921402
80.20165244,19.80642097,3.2966118
80.31647227,19.80642097,4.6963243
80.54611193,19.80642097,3.852856
72.73836338,19.69160114,2.1979487
72.85318321,19.69160114,3.1883998
72.96800304,19.69160114,3.1883998
73.08282287,19.69160114,1.9394054
73.1976427,19.69160114,3.4214687
73.31246254,19.69160114,4.4523816
73.42728237,19.69160114,5.809589
73.5421022,19.69160114,5.809589
73.65692203,19.69160114,6.3982186
73.77174186,19.69160114,3.5231843
73.88656169,19.69160114,6.0432653
74.00138153,19.69160114,3.454681
74.11620136,19.69160114,3.1385503
74.23102119,19.69160114,3.1385503
74.34584102,19.69160114,2.8764486
74.46066085,19.69160114,3.1867833
74.57548068,19.69160114,2.4905171
74.69030052,19.69160114,3.2329116
74.80512035,19.69160114,3.2329116
74.91994018,19.69160114,2.4190476
75.03476001,19.69160114,2.770123
75.14957984,19.69160114,2.647322
75.26439967,19.69160114,2.7863002
75.37921951,19.69160114,2.5633435
75.49403934,19.69160114,2.5633435
75.60885917,19.69160114,4.453789
75.723679,19.69160114,3.2230709
75.83849883,19.69160114,3.306656
75.95331866,19.69160114,3.8400924
76.0681385,19.69160114,3.8400924
76.18295833,19.69160114,4.1595426
76.29777816,19.69160114,2.944519
76.41259799,19.69160114,4.8540955
76.52741782,19.69160114,4.0549793
76.64223766,19.69160114,2.54
76.75705749,19.69160114,2.54
76.87187732,19.69160114,3.3187609
76.98669715,19.69160114,4.007887
77.10151698,19.69160114,3.5147088
77.21633681,19.69160114,2.9474282
77.33115665,19.69160114,2.9474282
77.44597648,19.69160114,2.726263
77.56079631,19.69160114,2.846378
77.67561614,19.69160114,2.771078
77.79043597,19.69160114,2.54
77.9052558,19.69160114,2.54
78.02007564,19.69160114,3.1149151
78.13489547,19.69160114,1.8645024
78.2497153,19.69160114,2.0349991
78.93863429,19.69160114,3.6500683
79.05345412,19.69160114,2.5819178
79.16827395,19.69160114,2.5819178
79.28309378,19.69160114,2.6943188
79.39791362,19.69160114,2.9551969
79.51273345,19.69160114,1.9210672
79.62755328,19.69160114,3.272128
79.74237311,19.69160114,2.2464228
79.85719294,19.69160114,2.2464228
79.97201277,19.69160114,1.9169812
80.08683261,19.69160114,2.7221103
80.20165244,19.69160114,1.9665952
80.31647227,19.69160114,3.4873147
80.4312921,19.69160114,3.4873147
80.54611193,19.69160114,2.257778
80.66093176,19.69160114,1.8569852
72.73836338,19.5767813,25.4
72.85318321,19.5767813,3.704133
72.96800304,19.5767813,3.704133
73.08282287,19.5767813,2.036568
73.1976427,19.5767813,3.484542
73.31246254,19.5767813,1.9000318
73.42728237,19.5767813,2.9406033
73.5421022,19.5767813,2.9406033
73.65692203,19.5767813,5.200494
73.77174186,19.5767813,6.764621
73.88656169,19.5767813,4.6933465
74.00138153,19.5767813,2.5272255
74.11620136,19.5767813,3.735965
74.23102119,19.5767813,3.735965
74.34584102,19.5767813,2.7076268
74.46066085,19.5767813,3.0252087
74.57548068,19.5767813,3.0723653
74.69030052,19.5767813,3.0295653
74.80512035,19.5767813,3.0295653
74.91994018,19.5767813,3.552118
75.03476001,19.5767813,2.7728848
75.14957984,19.5767813,2.9661012
75.26439967,19.5767813,3.4270532
75.37921951,19.5767813,2.54
75.49403934,19.5767813,2.54
75.60885917,19.5767813,3.7269926
75.723679,19.5767813,2.5796013
75.83849883,19.5767813,2.904069
75.95331866,19.5767813,3.036472
76.0681385,19.5767813,3.036472
76.18295833,19.5767813,2.8075705
76.29777816,19.5767813,3.2007558
76.41259799,19.5767813,4.884941
76.52741782,19.5767813,3.597416
76.64223766,19.5767813,2.8978548
76.75705749,19.5767813,2.8978548
76.87187732,19.5767813,2.968667
76.98669715,19.5767813,2.676515
77.10151698,19.5767813,2.6598587
77.21633681,19.5767813,2.998085
77.33115665,19.5767813,2.998085
77.44597648,19.5767813,2.7703662
77.56079631,19.5767813,2.7316494
77.67561614,19.5767813,3.1013887
77.79043597,19.5767813,3.242258
77.9052558,19.5767813,3.242258
78.02007564,19.5767813,3.2340221
78.13489547,19.5767813,2.1274972
78.2497153,19.5767813,1.886806
79.05345412,19.5767813,4.0723257
79.16827395,19.5767813,4.0723257
79.39791362,19.5767813,4.085214
79.51273345,19.5767813,2.0914993
79.62755328,19.5767813,2.2259889
79.85719294,19.5767813,1.9882483
79.97201277,19.5767813,4.4979095
80.08683261,19.5767813,2.8365192
80.20165244,19.5767813,2.3825161
80.31647227,19.5767813,2.1320455
80.4312921,19.5767813,2.1320455
80.54611193,19.5767813,2.4167361
80.66093176,19.5767813,2.1361978
72.85318321,19.46196147,2.927199
72.96800304,19.46196147,2.927199
73.08282287,19.46196147,3.4760017
73.1976427,19.46196147,2.385592
73.31246254,19.46196147,3.1453233
73.42728237,19.46196147,2.2655425
73.5421022,19.46196147,2.2655425
73.65692203,19.46196147,1.8304183
73.77174186,19.46196147,7.0923467
73.88656169,19.46196147,5.7375355
74.00138153,19.46196147,4.5064845
74.11620136,19.46196147,4.156519
74.23102119,19.46196147,4.156519
74.34584102,19.46196147,2.8388205
74.46066085,19.46196147,3.3793788
74.57548068,19.46196147,2.54
74.69030052,19.46196147,2.54
74.80512035,19.46196147,2.54
74.91994018,19.46196147,2.885935
75.03476001,19.46196147,2.8328319
75.14957984,19.46196147,3.2994595
75.26439967,19.46196147,2.6285336
75.37921951,19.46196147,2.5527043
75.49403934,19.46196147,2.5527043
75.60885917,19.46196147,4.1064806
75.723679,19.46196147,2.573317
75.83849883,19.46196147,4.5533257
75.95331866,19.46196147,3.8432412
76.0681385,19.46196147,3.8432412
76.18295833,19.46196147,4.2348385
76.29777816,19.46196147,3.6851463
76.41259799,19.46196147,3.9818969
76.52741782,19.46196147,2.602469
76.64223766,19.46196147,3.960383
76.75705749,19.46196147,3.960383
76.87187732,19.46196147,2.557521
76.98669715,19.46196147,2.8595128
77.10151698,19.46196147,2.9164834
77.21633681,19.46196147,3.0178533
77.33115665,19.46196147,3.0178533
77.44597648,19.46196147,2.54
77.56079631,19.46196147,2.859739
77.67561614,19.46196147,1.8511572
77.79043597,19.46196147,2.562304
77.9052558,19.46196147,2.562304
78.02007564,19.46196147,2.9267664
78.13489547,19.46196147,2.0332332
78.2497153,19.46196147,2.0206337
79.97201277,19.46196147,2.8492074
80.08683261,19.46196147,1.9169812
80.20165244,19.46196147,2.398656
80.31647227,19.46196147,2.5730412
80.4312921,19.46196147,2.5730412
80.54611193,19.46196147,1.9417505
80.66093176,19.46196147,2.798847
80.7757516,19.46196147,1.9134053
80.89057143,19.46196147,3.5221279
72.85318321,19.34714164,2.4588814
72.96800304,19.34714164,2.4588814
73.08282287,19.34714164,2.2374823
73.1976427,19.34714164,3.0909803
73.31246254,19.34714164,2.4402862
73.42728237,19.34714164,2.0386565
73.5421022,19.34714164,2.0386565
73.65692203,19.34714164,2.8236225
73.77174186,19.34714164,3.2272336
73.88656169,19.34714164,7.139347
74.00138153,19.34714164,3.0391579
74.11620136,19.34714164,4.794467
74.23102119,19.34714164,4.794467
74.34584102,19.34714164,2.3090909
74.46066085,19.34714164,2.9042044
74.57548068,19.34714164,3.417777
74.69030052,19.34714164,2.613605
74.80512035,19.34714164,2.613605
74.91994018,19.34714164,2.7042565
75.03476001,19.34714164,3.1145103
75.14957984,19.34714164,3.0147808
75.26439967,19.34714164,2.747243
75.37921951,19.34714164,2.5424738
75.49403934,19.34714164,2.5424738
75.60885917,19.34714164,2.8610988
75.723679,19.34714164,3.2444181
75.83849883,19.34714164,2.4835017
75.95331866,19.34714164,3.1589298
76.0681385,19.34714164,3.1589298
76.18295833,19.34714164,3.1595984
76.29777816,19.34714164,3.005481
76.41259799,19.34714164,4.0697784
76.52741782,19.34714164,3.1203663
76.64223766,19.34714164,2.54
76.75705749,19.34714164,2.54
76.87187732,19.34714164,2.5465257
76.98669715,19.34714164,2.5618973
77.10151698,19.34714164,3.1456804
77.21633681,19.34714164,2.666668
77.33115665,19.34714164,2.666668
77.44597648,19.34714164,3.8007712
77.56079631,19.34714164,2.6180825
77.67561614,19.34714164,2.1278336
77.79043597,19.34714164,2.2179422
77.9052558,19.34714164,2.2179422
78.02007564,19.34714164,4.0559874
78.13489547,19.34714164,2.7213738
79.97201277,19.34714164,3.6620622
80.08683261,19.34714164,1.9169812
80.20165244,19.34714164,2.6340652
80.31647227,19.34714164,2.0498793
80.4312921,19.34714164,2.0498793
80.66093176,19.34714164,1.8034167
80.7757516,19.34714164,4.973982
72.85318321,19.23232181,2.3690953
72.96800304,19.23232181,2.3690953
73.08282287,19.23232181,2.477467
73.1976427,19.23232181,2.065617
73.31246254,19.23232181,3.1251988
73.42728237,19.23232181,4.2517643
73.5421022,19.23232181,4.2517643
73.65692203,19.23232181,3.8204842
73.77174186,19.23232181,5.123519
73.88656169,19.23232181,5.274834
74.00138153,19.23232181,4.8006086
74.11620136,19.23232181,4.725708
74.23102119,19.23232181,4.725708
74.34584102,19.23232181,4.0057364
74.46066085,19.23232181,4.0156393
74.57548068,19.23232181,4.106888
74.69030052,19.23232181,4.753331
74.80512035,19.23232181,4.753331
74.91994018,19.23232181,3.927338
75.03476001,19.23232181,3.0179477
75.14957984,19.23232181,2.992925
75.26439967,19.23232181,2.7359338
75.37921951,19.23232181,2.7891445
75.49403934,19.23232181,2.7891445
75.60885917,19.23232181,2.6578488
75.723679,19.23232181,3.0306754
75.83849883,19.23232181,3.6200738
75.95331866,19.23232181,2.8872764
76.0681385,19.23232181,2.8872764
76.18295833,19.23232181,4.2232704
76.29777816,19.23232181,2.6259608
76.41259799,19.23232181,2.6256332
76.52741782,19.23232181,2.5459347
76.64223766,19.23232181,2.54
76.75705749,19.23232181,2.54
76.87187732,19.23232181,2.54
76.98669715,19.23232181,2.424244
77.10151698,19.23232181,3.4985685
77.21633681,19.23232181,2.5179124
77.33115665,19.23232181,2.5179124
77.44597648,19.23232181,2.5920734
77.56079631,19.23232181,3.561966
77.67561614,19.23232181,3.0118957
77.79043597,19.23232181,3.1434617
79.97201277,19.23232181,2.710799
80.08683261,19.23232181,3.6906385
80.20165244,19.23232181,2.002652
80.31647227,19.23232181,1.9169812
72.85318321,19.11750198,25.4
72.96800304,19.11750198,25.4
73.08282287,19.11750198,3.234427
73.1976427,19.11750198,4.4690323
73.31246254,19.11750198,2.9199831
73.42728237,19.11750198,2.1784375
73.5421022,19.11750198,2.1784375
73.65692203,19.11750198,7.1241403
73.77174186,19.11750198,5.318511
73.88656169,19.11750198,4.505772
74.00138153,19.11750198,2.8586762
74.11620136,19.11750198,3.5934896
74.23102119,19.11750198,3.5934896
74.34584102,19.11750198,5.727028
74.46066085,19.11750198,7.0747967
74.57548068,19.11750198,4.9783955
74.69030052,19.11750198,4.870219
74.80512035,19.11750198,4.870219
74.91994018,19.11750198,3.503242
75.03476001,19.11750198,3.7793036
75.14957984,19.11750198,2.7320385
75.26439967,19.11750198,2.649807
75.37921951,19.11750198,2.5349245
75.49403934,19.11750198,2.5349245
75.60885917,19.11750198,2.670414
75.723679,19.11750198,3.2070732
75.83849883,19.11750198,3.718392
75.95331866,19.11750198,3.5131204
76.0681385,19.11750198,3.5131204
76.18295833,19.11750198,2.54
76.29777816,19.11750198,2.9448738
76.41259799,19.11750198,3.3263001
76.52741782,19.11750198,2.4190476
76.64223766,19.11750198,2.5234375
76.75705749,19.11750198,2.5234375
76.87187732,19.11750198,2.44385
76.98669715,19.11750198,2.4191103
77.10151698,19.11750198,2.4963613
77.21633681,19.11750198,2.6094468
77.33115665,19.11750198,2.6094468
77.44597648,19.11750198,2.2668943
77.56079631,19.11750198,3.020533
77.67561614,19.11750198,2.5185463
77.79043597,19.11750198,2.5475478
79.97201277,19.11750198,2.5871167
80.08683261,19.11750198,2.0082674
80.20165244,19.11750198,2.1363149
80.31647227,19.11750198,2.3857841
72.85318321,19.00268215,25.4
72.96800304,19.00268215,25.4
73.08282287,19.00268215,2.2881665
73.1976427,19.00268215,3.0639977
73.31246254,19.00268215,4.498275
73.42728237,19.00268215,4.934373
73.5421022,19.00268215,4.934373
73.65692203,19.00268215,6.378237
73.77174186,19.00268215,5.697412
73.88656169,19.00268215,3.436693
74.00138153,19.00268215,4.732305
74.11620136,19.00268215,4.759655
74.23102119,19.00268215,4.759655
74.34584102,19.00268215,4.132283
74.46066085,19.00268215,4.8370934
74.57548068,19.00268215,4.9737134
74.69030052,19.00268215,3.943956
74.80512035,19.00268215,3.943956
74.91994018,19.00268215,4.055793
75.03476001,19.00268215,3.014883
75.14957984,19.00268215,4.0874276
75.26439967,19.00268215,2.5377421
75.37921951,19.00268215,2.9539647
75.49403934,19.00268215,2.9539647
75.60885917,19.00268215,2.58644
75.723679,19.00268215,2.9928992
75.83849883,19.00268215,2.257778
75.95331866,19.00268215,2.93872
76.0681385,19.00268215,2.93872
76.18295833,19.00268215,3.93336
76.29777816,19.00268215,3.311791
76.41259799,19.00268215,2.54
76.52741782,19.00268215,2.5773804
76.64223766,19.00268215,2.500577
76.75705749,19.00268215,2.500577
76.87187732,19.00268215,2.257778
76.98669715,19.00268215,2.829183
77.10151698,19.00268215,2.257778
77.21633681,19.00268215,2.5254908
77.33115665,19.00268215,2.5254908
77.44597648,19.00268215,2.257778
77.56079631,19.00268215,2.7977462
77.67561614,19.00268215,2.4190476
79.97201277,19.00268215,2.2286901
80.08683261,19.00268215,2.0328498
80.20165244,19.00268215,2.166689
72.85318321,18.88786231,25.4
72.96800304,18.88786231,25.4
73.08282287,18.88786231,2.270404
73.1976427,18.88786231,2.7719848
73.31246254,18.88786231,4.9165926
73.42728237,18.88786231,7.7990174
73.5421022,18.88786231,7.7990174
73.65692203,18.88786231,5.9184904
73.77174186,18.88786231,4.29461
73.88656169,18.88786231,5.678043
74.00138153,18.88786231,4.0097537
74.11620136,18.88786231,2.760741
74.23102119,18.88786231,2.760741
74.34584102,18.88786231,2.7076745
74.46066085,18.88786231,5.1658645
74.57548068,18.88786231,3.1790366
74.69030052,18.88786231,4.9160385
74.80512035,18.88786231,4.9160385
74.91994018,18.88786231,3.4040341
75.03476001,18.88786231,2.8731678
75.14957984,18.88786231,2.9541595
75.26439967,18.88786231,2.7706292
75.37921951,18.88786231,4.664698
75.49403934,18.88786231,4.664698
75.60885917,18.88786231,4.0458393
75.723679,18.88786231,4.1459107
75.83849883,18.88786231,2.948399
75.95331866,18.88786231,2.9642544
76.0681385,18.88786231,2.9642544
76.18295833,18.88786231,2.642006
76.29777816,18.88786231,3.2336922
76.41259799,18.88786231,2.8184142
76.52741782,18.88786231,2.54
76.64223766,18.88786231,2.257778
76.75705749,18.88786231,2.257778
76.87187732,18.88786231,3.2063332
76.98669715,18.88786231,3.1079202
77.10151698,18.88786231,3.096002
77.21633681,18.88786231,2.257778
77.33115665,18.88786231,2.257778
77.44597648,18.88786231,2.620616
77.56079631,18.88786231,2.6604946
77.67561614,18.88786231,3.0084472
77.79043597,18.88786231,2.54
79.97201277,18.88786231,2.050706
80.08683261,18.88786231,1.9169812
80.20165244,18.88786231,2.3053896
80.31647227,18.88786231,2.8637967
72.96800304,18.77304248,25.4
73.08282287,18.77304248,2.1878943
73.1976427,18.77304248,2.9728289
73.31246254,18.77304248,4.684772
73.42728237,18.77304248,5.5038166
73.5421022,18.77304248,5.5038166
73.65692203,18.77304248,5.701826
73.77174186,18.77304248,4.815303
73.88656169,18.77304248,3.8950973
74.00138153,18.77304248,2.6246462
74.11620136,18.77304248,3.2373834
74.23102119,18.77304248,3.2373834
74.34584102,18.77304248,5.0504675
74.46066085,18.77304248,3.2312765
74.57548068,18.77304248,4.996352
74.69030052,18.77304248,5.401189
74.80512035,18.77304248,5.401189
74.91994018,18.77304248,3.6809797
75.03476001,18.77304248,3.376646
75.14957984,18.77304248,4.03827
75.26439967,18.77304248,3.1193142
75.37921951,18.77304248,4.2704573
75.49403934,18.77304248,4.2704573
75.60885917,18.77304248,3.917059
75.723679,18.77304248,2.9959803
75.83849883,18.77304248,3.0368242
75.95331866,18.77304248,2.5546331
76.0681385,18.77304248,2.5546331
76.18295833,18.77304248,3.4451456
76.29777816,18.77304248,2.54
76.41259799,18.77304248,2.6902728
76.52741782,18.77304248,3.1152568
76.64223766,18.77304248,3.023268
76.75705749,18.77304248,3.023268
76.87187732,18.77304248,2.2771904
76.98669715,18.77304248,2.279323
77.10151698,18.77304248,2.3198154
77.21633681,18.77304248,2.275686
77.33115665,18.77304248,2.275686
77.44597648,18.77304248,2.3390164
77.56079631,18.77304248,2.717677
77.67561614,18.77304248,3.8776755
77.79043597,18.77304248,3.1068988
80.08683261,18.77304248,1.9169812
80.20165244,18.77304248,2.6854784
72.96800304,18.65822265,25.4
73.08282287,18.65822265,1.8142858
73.1976427,18.65822265,3.4939008
73.31246254,18.65822265,5.597058
73.42728237,18.65822265,8.295606
73.5421022,18.65822265,8.295606
73.65692203,18.65822265,5.865203
73.77174186,18.65822265,5.8672924
73.88656169,18.65822265,3.1551466
74.00138153,18.65822265,3.0878634
74.11620136,18.65822265,2.8138666
74.23102119,18.65822265,2.8138666
74.34584102,18.65822265,4.2368684
74.46066085,18.65822265,4.130295
74.57548068,18.65822265,2.581564
74.69030052,18.65822265,6.0083494
74.80512035,18.65822265,6.0083494
74.91994018,18.65822265,3.7169237
75.03476001,18.65822265,2.7353294
75.14957984,18.65822265,3.37058
75.26439967,18.65822265,4.5329475
75.37921951,18.65822265,3.14065
75.49403934,18.65822265,3.14065
75.60885917,18.65822265,3.0867414
75.723679,18.65822265,2.6180649
75.83849883,18.65822265,3.107428
75.95331866,18.65822265,3.6556458
76.0681385,18.65822265,3.6556458
76.18295833,18.65822265,3.631266
76.29777816,18.65822265,3.4563608
76.41259799,18.65822265,3.0726163
76.52741782,18.65822265,2.7202601
76.64223766,18.65822265,2.656087
76.75705749,18.65822265,2.656087
76.87187732,18.65822265,2.7015867
76.98669715,18.65822265,2.7167265
77.10151698,18.65822265,2.5583322
77.21633681,18.65822265,2.5889988
77.33115665,18.65822265,2.5889988
77.44597648,18.65822265,2.4717824
77.56079631,18.65822265,3.5379972
77.67561614,18.65822265,2.54
72.96800304,18.54340282,25.4
73.08282287,18.54340282,2.047937
73.1976427,18.54340282,4.290552
73.31246254,18.54340282,6.36609
73.42728237,18.54340282,10.844749
73.5421022,18.54340282,10.844749
73.65692203,18.54340282,6.8109884
73.77174186,18.54340282,5.52549
73.88656169,18.54340282,2.7520046
74.00138153,18.54340282,2.6627584
74.11620136,18.54340282,2.9236495
74.23102119,18.54340282,2.9236495
74.34584102,18.54340282,2.9775252
74.46066085,18.54340282,2.54
74.57548068,18.54340282,2.5673652
74.69030052,18.54340282,2.9739766
74.80512035,18.54340282,2.9739766
74.91994018,18.54340282,3.5782142
75.03476001,18.54340282,2.7509198
75.14957984,18.54340282,3.2321806
75.26439967,18.54340282,3.1144757
75.37921951,18.54340282,3.2712212
75.49403934,18.54340282,3.2712212
75.60885917,18.54340282,3.1336765
75.723679,18.54340282,2.8931918
75.83849883,18.54340282,3.4431236
75.95331866,18.54340282,3.123503
76.0681385,18.54340282,3.123503
76.18295833,18.54340282,3.8387208
76.29777816,18.54340282,3.0776725
76.41259799,18.54340282,3.3503056
76.52741782,18.54340282,2.9357874
76.64223766,18.54340282,3.0786185
76.75705749,18.54340282,3.0786185
76.87187732,18.54340282,2.7866533
76.98669715,18.54340282,3.6685407
77.10151698,18.54340282,3.543283
77.21633681,18.54340282,2.330781
77.33115665,18.54340282,2.330781
77.44597648,18.54340282,2.4331694
77.56079631,18.54340282,2.40123
77.67561614,18.54340282,2.9509807
72.96800304,18.42858299,25.4
73.08282287,18.42858299,1.8182473
73.1976427,18.42858299,4.0771923
73.31246254,18.42858299,6.262136
73.42728237,18.42858299,11.516334
73.5421022,18.42858299,11.516334
73.65692203,18.42858299,4.421014
73.77174186,18.42858299,7.01268
73.88656169,18.42858299,6.762041
74.00138153,18.42858299,2.3090909
74.11620136,18.42858299,2.7926188
74.23102119,18.42858299,2.7926188
74.34584102,18.42858299,3.4778774
74.46066085,18.42858299,2.959799
74.57548068,18.42858299,2.6298442
74.69030052,18.42858299,3.652341
74.80512035,18.42858299,3.652341
74.91994018,18.42858299,3.0461063
75.03476001,18.42858299,3.0275712
75.14957984,18.42858299,2.54
75.26439967,18.42858299,2.7972145
75.37921951,18.42858299,3.540234
75.49403934,18.42858299,3.540234
75.60885917,18.42858299,2.6548781
75.723679,18.42858299,2.7112951
75.83849883,18.42858299,4.2449093
75.95331866,18.42858299,3.1174517
76.0681385,18.42858299,3.1174517
76.18295833,18.42858299,2.7370448
76.29777816,18.42858299,2.771089
76.41259799,18.42858299,3.719906
76.52741782,18.42858299,3.2494848
76.64223766,18.42858299,4.191231
76.75705749,18.42858299,4.191231
76.87187732,18.42858299,2.771337
76.98669715,18.42858299,3.3222635
77.10151698,18.42858299,2.621686
77.21633681,18.42858299,2.7793322
77.44597648,18.42858299,2.257778
72.96800304,18.31376316,25.4
73.08282287,18.31376316,2.4069593
73.1976427,18.31376316,4.6012554
73.31246254,18.31376316,5.412138
73.42728237,18.31376316,10.718373
73.5421022,18.31376316,10.718373
73.65692203,18.31376316,5.178794
73.77174186,18.31376316,4.713062
73.88656169,18.31376316,4.392666
74.00138153,18.31376316,3.1127193
74.11620136,18.31376316,2.6047158
74.23102119,18.31376316,2.6047158
74.34584102,18.31376316,2.5638957
74.46066085,18.31376316,2.907882
74.57548068,18.31376316,3.7037272
74.69030052,18.31376316,2.54
74.80512035,18.31376316,2.54
74.91994018,18.31376316,2.8479993
75.03476001,18.31376316,2.54
75.14957984,18.31376316,3.3531022
75.26439967,18.31376316,2.9236283
75.37921951,18.31376316,2.54
75.49403934,18.31376316,2.54
75.60885917,18.31376316,2.6796389
75.723679,18.31376316,2.7314162
75.83849883,18.31376316,4.202128
75.95331866,18.31376316,3.76972
76.0681385,18.31376316,3.76972
76.18295833,18.31376316,2.8150616
76.29777816,18.31376316,3.0564396
76.41259799,18.31376316,2.6440797
76.52741782,18.31376316,2.54
76.64223766,18.31376316,3.2987442
76.75705749,18.31376316,3.2987442
76.87187732,18.31376316,3.6675062
76.98669715,18.31376316,2.7843695
77.10151698,18.31376316,3.0426998
77.44597648,18.31376316,2.7084265
77.56079631,18.31376316,2.6601005
73.08282287,18.19894332,2.6182084
73.1976427,18.19894332,3.5593662
73.31246254,18.19894332,3.6368437
73.42728237,18.19894332,4.689708
73.5421022,18.19894332,4.689708
73.65692203,18.19894332,7.892457
73.77174186,18.19894332,3.550008
73.88656169,18.19894332,2.3090909
74.00138153,18.19894332,2.5685987
74.11620136,18.19894332,2.7743168
74.23102119,18.19894332,2.7743168
74.34584102,18.19894332,2.6195676
74.46066085,18.19894332,3.0843096
74.57548068,18.19894332,2.6877942
74.69030052,18.19894332,2.9758878
74.80512035,18.19894332,2.9758878
74.91994018,18.19894332,2.54
75.03476001,18.19894332,2.8608236
75.14957984,18.19894332,2.6552525
75.26439967,18.19894332,2.7385507
75.37921951,18.19894332,2.8023653
75.49403934,18.19894332,2.8023653
75.60885917,18.19894332,3.649425
75.723679,18.19894332,2.8123894
75.83849883,18.19894332,3.0015469
75.95331866,18.19894332,3.234138
76.0681385,18.19894332,3.234138
76.18295833,18.19894332,4.28104
76.29777816,18.19894332,2.541274
76.41259799,18.19894332,3.0044892
76.52741782,18.19894332,2.9800785
76.64223766,18.19894332,2.622033
76.75705749,18.19894332,2.622033
76.87187732,18.19894332,2.5863948
76.98669715,18.19894332,3.1493418
77.10151698,18.19894332,3.1267076
73.08282287,18.08412349,25.4
73.1976427,18.08412349,4.177309
73.31246254,18.08412349,2.7037477
73.42728237,18.08412349,2.282095
73.5421022,18.08412349,2.282095
73.65692203,18.08412349,4.5291786
73.77174186,18.08412349,4.6854534
73.88656169,18.08412349,3.8060617
74.00138153,18.08412349,2.1949244
74.11620136,18.08412349,1.7639067
74.23102119,18.08412349,1.7639067
74.34584102,18.08412349,2.7050922
74.46066085,18.08412349,2.0734694
74.57548068,18.08412349,2.0734694
74.69030052,18.08412349,3.053654
74.80512035,18.08412349,3.053654
74.91994018,18.08412349,2.4291685
75.03476001,18.08412349,2.5455954
75.14957984,18.08412349,2.7574196
75.26439967,18.08412349,2.6887846
75.37921951,18.08412349,3.655898
75.49403934,18.08412349,3.655898
75.60885917,18.08412349,2.6570842
75.723679,18.08412349,3.0826943
75.83849883,18.08412349,3.8611765
75.95331866,18.08412349,3.131845
76.0681385,18.08412349,3.131845
76.18295833,18.08412349,2.8598342
76.29777816,18.08412349,2.8232698
76.41259799,18.08412349,2.6344752
76.52741782,18.08412349,4.0727496
76.64223766,18.08412349,3.2007966
76.75705749,18.08412349,3.2007966
76.87187732,18.08412349,2.5918593
73.08282287,17.96930366,25.4
73.1976427,17.96930366,4.863524
73.31246254,17.96930366,3.3788013
73.42728237,17.96930366,3.494823
73.5421022,17.96930366,3.494823
73.65692203,17.96930366,4.8868523
73.77174186,17.96930366,6.758369
73.88656169,17.96930366,2.7965503
74.00138153,17.96930366,1.7525313
74.11620136,17.96930366,1.8619459
74.23102119,17.96930366,1.8619459
74.34584102,17.96930366,3.0856996
74.46066085,17.96930366,2.6573627
74.57548068,17.96930366,2.887382
74.69030052,17.96930366,2.54
74.80512035,17.96930366,2.54
74.91994018,17.96930366,3.917375
75.03476001,17.96930366,2.4876409
75.14957984,17.96930366,2.6584325
75.26439967,17.96930366,2.4190476
75.37921951,17.96930366,2.9876018
75.49403934,17.96930366,2.9876018
75.60885917,17.96930366,2.6902812
75.723679,17.96930366,2.54
75.83849883,17.96930366,2.54
75.95331866,17.96930366,2.8757625
76.0681385,17.96930366,2.8757625
76.18295833,17.96930366,3.0224428
76.29777816,17.96930366,2.5926192
76.41259799,17.96930366,3.0319557
76.52741782,17.96930366,2.7859454
76.64223766,17.96930366,2.5817308
76.75705749,17.96930366,2.5817308
76.87187732,17.96930366,3.095429
73.1976427,17.85448383,4.814381
73.31246254,17.85448383,3.7335677
73.42728237,17.85448383,4.2065372
73.5421022,17.85448383,4.2065372
73.65692203,17.85448383,5.477216
73.77174186,17.85448383,6.9816675
73.88656169,17.85448383,2.9573343
74.00138153,17.85448383,1.9886208
74.11620136,17.85448383,2.7407851
74.23102119,17.85448383,2.7407851
74.34584102,17.85448383,2.5843554
74.46066085,17.85448383,3.0929885
74.57548068,17.85448383,3.2808373
74.69030052,17.85448383,2.8016047
74.80512035,17.85448383,2.8016047
74.91994018,17.85448383,2.7940054
75.03476001,17.85448383,2.5725422
75.14957984,17.85448383,2.9373693
75.26439967,17.85448383,2.7141643
75.37921951,17.85448383,2.9548755
75.49403934,17.85448383,2.9548755
75.60885917,17.85448383,3.4657712
75.723679,17.85448383,2.54
75.83849883,17.85448383,3.1302435
75.95331866,17.85448383,2.5619066
76.0681385,17.85448383,2.5619066
76.18295833,17.85448383,2.7899272
76.29777816,17.85448383,3.6404476
76.41259799,17.85448383,2.56115
76.52741782,17.85448383,3.0104237
76.64223766,17.85448383,2.9497476
76.75705749,17.85448383,2.9497476
73.1976427,17.739664,6.129201
73.31246254,17.739664,3.5986156
73.42728237,17.739664,2.0234816
73.5421022,17.739664,2.0234816
73.65692203,17.739664,4.398913
73.77174186,17.739664,5.3938313
73.88656169,17.739664,2.2165546
74.00138153,17.739664,2.150179
74.11620136,17.739664,2.3410392
74.23102119,17.739664,2.3410392
74.34584102,17.739664,4.198441
74.46066085,17.739664,3.34792
74.57548068,17.739664,3.0257387
74.69030052,17.739664,2.9703102
74.80512035,17.739664,2.9703102
74.91994018,17.739664,3.1822238
75.03476001,17.739664,2.54
75.14957984,17.739664,2.4190476
75.26439967,17.739664,2.6258283
75.37921951,17.739664,2.54
75.49403934,17.739664,2.54
75.60885917,17.739664,2.9234974
75.723679,17.739664,2.7806935
75.83849883,17.739664,3.3994074
75.95331866,17.739664,2.8076804
76.0681385,17.739664,2.8076804
76.18295833,17.739664,3.148663
76.29777816,17.739664,2.8763745
76.41259799,17.739664,2.8720748
76.64223766,17.739664,2.8210187
73.1976427,17.62484416,9.288349
73.31246254,17.62484416,5.076644
73.42728237,17.62484416,2.4833238
73.5421022,17.62484416,2.4833238
73.65692203,17.62484416,2.0430684
73.77174186,17.62484416,5.615636
73.88656169,17.62484416,5.591095
74.00138153,17.62484416,3.033711
74.11620136,17.62484416,2.5276337
74.23102119,17.62484416,2.5276337
74.34584102,17.62484416,5.716181
74.46066085,17.62484416,3.5091743
74.57548068,17.62484416,3.4862616
74.69030052,17.62484416,2.8774576
74.80512035,17.62484416,2.8774576
74.91994018,17.62484416,3.2035623
75.03476001,17.62484416,2.652812
75.14957984,17.62484416,3.2122445
75.26439967,17.62484416,2.7809443
75.37921951,17.62484416,2.54
75.49403934,17.62484416,2.54
75.60885917,17.62484416,3.1789618
75.723679,17.62484416,3.0126925
75.83849883,17.62484416,2.54
75.95331866,17.62484416,2.7198887
76.0681385,17.62484416,2.7198887
76.18295833,17.62484416,3.5969915
76.29777816,17.62484416,3.1065977
76.41259799,17.62484416,2.871445
73.1976427,17.51002433,9.370806
73.31246254,17.51002433,5.3748736
73.42728237,17.51002433,2.3266242
73.5421022,17.51002433,2.3266242
73.65692203,17.51002433,2.3257189
73.77174186,17.51002433,5.9439335
73.88656169,17.51002433,4.0927553
74.00138153,17.51002433,2.8521519
74.11620136,17.51002433,2.9969816
74.23102119,17.51002433,2.9969816
74.34584102,17.51002433,4.2627487
74.46066085,17.51002433,3.4281793
74.57548068,17.51002433,6.185691
74.69030052,17.51002433,3.916707
74.80512035,17.51002433,3.916707
74.91994018,17.51002433,2.8449955
75.03476001,17.51002433,3.0397077
75.14957984,17.51002433,2.54
75.26439967,17.51002433,2.7754023
75.37921951,17.51002433,2.54
75.49403934,17.51002433,2.54
75.60885917,17.51002433,3.1529298
75.723679,17.51002433,3.0884938
75.83849883,17.51002433,3.1966987
75.95331866,17.51002433,2.9456544
76.0681385,17.51002433,2.9456544
76.18295833,17.51002433,2.960723
76.29777816,17.51002433,2.6212938
73.1976427,17.3952045,25.4
73.31246254,17.3952045,4.9748893
73.42728237,17.3952045,2.899988
73.5421022,17.3952045,2.899988
73.65692203,17.3952045,4.865309
73.77174186,17.3952045,7.104293
73.88656169,17.3952045,3.168732
74.00138153,17.3952045,3.5542145
74.11620136,17.3952045,2.7559733
74.23102119,17.3952045,2.7559733
74.34584102,17.3952045,3.192204
74.46066085,17.3952045,4.1551633
74.57548068,17.3952045,3.4182377
74.69030052,17.3952045,2.8361647
74.80512035,17.3952045,2.8361647
74.91994018,17.3952045,2.4676237
75.03476001,17.3952045,2.54
75.14957984,17.3952045,2.5429435
75.26439967,17.3952045,2.7350752
75.37921951,17.3952045,2.8019636
75.49403934,17.3952045,2.8019636
75.60885917,17.3952045,2.7652988
75.95331866,17.3952045,3.0304303
76.0681385,17.3952045,3.0304303
76.18295833,17.3952045,2.54
76.29777816,17.3952045,3.146359
73.31246254,17.28038467,5.5829725
73.42728237,17.28038467,2.9565268
73.5421022,17.28038467,2.9565268
73.65692203,17.28038467,2.260218
73.77174186,17.28038467,8.433426
73.88656169,17.28038467,4.150169
74.00138153,17.28038467,2.4045005
74.11620136,17.28038467,2.6969986
74.23102119,17.28038467,2.6969986
74.34584102,17.28038467,2.7355833
74.46066085,17.28038467,4.1695843
74.57548068,17.28038467,4.6029763
74.69030052,17.28038467,3.6631117
74.80512035,17.28038467,3.6631117
74.91994018,17.28038467,2.4437919
75.03476001,17.28038467,3.0854626
75.14957984,17.28038467,2.5752432
75.26439967,17.28038467,2.6370902
75.37921951,17.28038467,2.54747
75.49403934,17.28038467,2.54747
75.60885917,17.28038467,2.54
73.31246254,17.16556484,4.4948597
73.42728237,17.16556484,3.5610967
73.5421022,17.16556484,3.5610967
73.65692203,17.16556484,3.1503453
73.77174186,17.16556484,8.485392
73.88656169,17.16556484,5.477833
74.00138153,17.16556484,2.5992246
74.11620136,17.16556484,2.3090909
74.23102119,17.16556484,2.3090909
74.34584102,17.16556484,2.8900058
74.46066085,17.16556484,2.6066098
74.57548068,17.16556484,3.2745457
74.69030052,17.16556484,3.1281934
74.80512035,17.16556484,3.1281934
74.91994018,17.16556484,2.3931499
75.03476001,17.16556484,2.8116126
75.14957984,17.16556484,2.6423376
75.26439967,17.16556484,2.6421604
75.37921951,17.16556484,2.8528821
75.49403934,17.16556484,2.8528821
75.60885917,17.16556484,2.5628467
73.31246254,17.05074501,25.4
73.42728237,17.05074501,5.7501745
73.5421022,17.05074501,5.7501745
73.65692203,17.05074501,3.9922056
73.77174186,17.05074501,4.224943
73.88656169,17.05074501,4.7231684
74.00138153,17.05074501,2.541355
74.11620136,17.05074501,2.8640256
74.23102119,17.05074501,2.8640256
74.34584102,17.05074501,2.877157
74.46066085,17.05074501,3.184163
74.57548068,17.05074501,2.7503123
74.69030052,17.05074501,2.7891393
74.80512035,17.05074501,2.7891393
74.91994018,17.05074501,2.849077
75.03476001,17.05074501,2.8854237
75.14957984,17.05074501,3.443699
75.26439967,17.05074501,2.54
75.37921951,17.05074501,2.8197455
75.49403934,17.05074501,2.8197455
75.60885917,17.05074501,3.1569965
73.31246254,16.93592517,25.4
73.42728237,16.93592517,5.721788
73.5421022,16.93592517,5.721788
73.65692203,16.93592517,3.5980167
73.77174186,16.93592517,6.882202
73.88656169,16.93592517,5.866718
74.00138153,16.93592517,3.395644
74.11620136,16.93592517,2.5796354
74.23102119,16.93592517,2.5796354
74.34584102,16.93592517,2.7389607
74.46066085,16.93592517,2.54
74.57548068,16.93592517,2.8268476
74.69030052,16.93592517,3.0624428
74.80512035,16.93592517,3.0624428
74.91994018,16.93592517,2.954659
75.03476001,16.93592517,2.6064916
75.14957984,16.93592517,4.114523
75.26439967,16.93592517,3.096026
73.31246254,16.82110534,25.4
73.42728237,16.82110534,6.1649547
73.5421022,16.82110534,6.1649547
73.65692203,16.82110534,3.0454726
73.77174186,16.82110534,10.483316
73.88656169,16.82110534,8.142529
74.00138153,16.82110534,4.45283
74.11620136,16.82110534,4.787635
74.23102119,16.82110534,4.787635
74.34584102,16.82110534,4.150176
74.46066085,16.82110534,2.621232
74.57548068,16.82110534,3.1077888
74.69030052,16.82110534,3.148529
74.80512035,16.82110534,3.148529
73.42728237,16.70628551,5.720467
73.5421022,16.70628551,5.720467
73.65692203,16.70628551,4.7668695
73.77174186,16.70628551,5.3270693
73.88656169,16.70628551,8.677506
74.00138153,16.70628551,6.9021854
74.11620136,16.70628551,6.316191
74.23102119,16.70628551,6.316191
74.34584102,16.70628551,4.1248937
74.46066085,16.70628551,3.1185741
74.57548068,16.70628551,3.078117
74.69030052,16.70628551,2.5939355
73.42728237,16.59146568,4.7761436
73.5421022,16.59146568,4.7761436
73.65692203,16.59146568,5.364484
73.77174186,16.59146568,9.605343
73.88656169,16.59146568,8.190519
74.00138153,16.59146568,9.990637
74.11620136,16.59146568,5.9399333
74.23102119,16.59146568,5.9399333
74.34584102,16.59146568,4.218911
74.57548068,16.59146568,3.2702856
73.42728237,16.47664585,6.117278
73.5421022,16.47664585,6.117278
73.65692203,16.47664585,4.5216866
73.77174186,16.47664585,7.9387226
73.88656169,16.47664585,10.405718
74.00138153,16.47664585,9.251114
74.11620136,16.47664585,5.6424503
74.23102119,16.47664585,5.6424503
73.42728237,16.36182602,5.923913
73.5421022,16.36182602,5.923913
73.65692203,16.36182602,5.5383368
73.77174186,16.36182602,6.729853
73.88656169,16.36182602,11.550021
74.00138153,16.36182602,8.942986
74.11620136,16.36182602,7.4913697
74.23102119,16.36182602,7.4913697
73.42728237,16.24700618,4.6597023
73.5421022,16.24700618,4.6597023
73.65692203,16.24700618,5.524168
73.77174186,16.24700618,5.6847086
73.88656169,16.24700618,8.12437
74.00138153,16.24700618,9.90675
74.11620136,16.24700618,7.7330713
74.23102119,16.24700618,7.7330713
74.34584102,16.24700618,5.1868925
73.5421022,16.13218635,25.4
73.65692203,16.13218635,5.007228
73.77174186,16.13218635,5.9874544
73.88656169,16.13218635,6.3542566
74.00138153,16.13218635,8.156248
74.11620136,16.13218635,7.6947546
74.23102119,16.13218635,7.6947546
74.34584102,16.13218635,2.7703552
74.46066085,16.13218635,3.9294157
73.5421022,16.01736652,25.4
73.65692203,16.01736652,6.965737
73.77174186,16.01736652,3.8864613
73.88656169,16.01736652,4.109987
74.00138153,16.01736652,6.9943113
74.11620136,16.01736652,5.2209706
74.23102119,16.01736652,5.2209706
74.34584102,16.01736652,4.065256
73.65692203,15.90254669,25.4
73.77174186,15.90254669,6.103905
73.88656169,15.90254669,2.7801285
74.00138153,15.90254669,8.089987
74.11620136,15.90254669,7.561326
74.23102119,15.90254669,7.561326
74.34584102,15.90254669,5.984145
73.77174186,15.78772686,6.350387
73.88656169,15.78772686,1.8472726
74.00138153,15.78772686,2.982864
74.11620136,15.78772686,5.280305
74.23102119,15.78772686,5.280305
74.34584102,15.78772686,7.2526603
74.00138153,15.67290703,2.3644893
